ptty_id,place_id,ft_id
ptty_1,yrdb1,yft_9
ptty_10,yrdb11,yft_45
ptty_100,yrdb104,yft_32
ptty_1001,yrdb1048,yft_2
ptty_1002,yrdb1049,yft_5
ptty_1005,yrdb1052,yft_6
ptty_1006,yrdb1053,yft_5
ptty_1007,yrdb1054,yft_18
ptty_1008,yrdb1055,yft_13
ptty_1009,yrdb1056,yft_4
ptty_1010,yrdb1057,yft_9
ptty_1011,yrdb1058,yft_20
ptty_1012,yrdb1058,yft_29
ptty_1015,yrdb1061,yft_42
ptty_1016,yrdb1062,yft_9
ptty_1017,yrdb1063,yft_9
ptty_1018,yrdb1064,yft_39
ptty_1019,yrdb1065,yft_33
ptty_1020,yrdb1066,yft_9
ptty_1021,yrdb1067,yft_17
ptty_1022,yrdb1067,yft_27
ptty_1023,yrdb1068,yft_24
ptty_1025,yrdb1070,yft_9
ptty_1026,yrdb1071,yft_5
ptty_1028,yrdb1073,yft_2
ptty_1029,yrdb1074,yft_9
ptty_1030,yrdb1075,yft_13
ptty_1031,yrdb1076,yft_5
ptty_1032,yrdb1077,yft_15
ptty_1033,yrdb1078,yft_6
ptty_1034,yrdb1079,yft_33
ptty_1035,yrdb1080,yft_13
ptty_1036,yrdb1081,yft_14
ptty_1037,yrdb1082,yft_30
ptty_1038,yrdb1083,yft_4
ptty_1039,yrdb1084,yft_21
ptty_104,yrdb109,yft_16
ptty_1040,yrdb1085,yft_13
ptty_1042,yrdb1088,yft_6
ptty_1043,yrdb1089,yft_4
ptty_1044,yrdb1090,yft_5
ptty_1045,yrdb1091,yft_14
ptty_1046,yrdb1092,yft_24
ptty_1047,yrdb1093,yft_9
ptty_1048,yrdb1094,yft_14
ptty_1049,yrdb1095,yft_10
ptty_1050,yrdb1096,yft_14
ptty_1051,yrdb1097,yft_14
ptty_1052,yrdb1098,yft_9
ptty_1053,yrdb1099,yft_9
ptty_1054,yrdb1100,yft_33
ptty_1056,yrdb1102,yft_33
ptty_1057,yrdb1103,yft_37
ptty_1058,yrdb1104,yft_17
ptty_1059,yrdb1104,yft_27
ptty_106,yrdb111,yft_14
ptty_1060,yrdb1105,yft_42
ptty_1061,yrdb1106,yft_9
ptty_1062,yrdb1107,yft_30
ptty_1065,yrdb1110,yft_39
ptty_1066,yrdb1111,yft_35
ptty_1067,yrdb1112,yft_2
ptty_1068,yrdb1113,yft_9
ptty_1069,yrdb1114,yft_33
ptty_107,yrdb112,yft_14
ptty_1070,yrdb1115,yft_9
ptty_1071,yrdb1116,yft_14
ptty_1072,yrdb1117,yft_33
ptty_1073,yrdb1118,yft_14
ptty_1074,yrdb1119,yft_14
ptty_1075,yrdb1120,yft_10
ptty_1076,yrdb1121,yft_9
ptty_1077,yrdb1122,yft_13
ptty_1079,yrdb1124,yft_9
ptty_1080,yrdb1125,yft_44
ptty_1082,yrdb1127,yft_9
ptty_1084,yrdb1129,yft_33
ptty_1085,yrdb1130,yft_10
ptty_1089,yrdb1134,yft_13
ptty_109,yrdb115,yft_14
ptty_1090,yrdb1135,yft_44
ptty_1091,yrdb1136,yft_13
ptty_1093,yrdb1139,yft_4
ptty_1094,yrdb1141,yft_14
ptty_1095,yrdb1143,yft_13
ptty_1096,yrdb1144,yft_13
ptty_1099,yrdb1147,yft_13
ptty_11,yrdb12,yft_2
ptty_1100,yrdb1148,yft_9
ptty_1101,yrdb1149,yft_35
ptty_1105,yrdb1153,yft_9
ptty_1106,yrdb1154,yft_26
ptty_1107,yrdb1155,yft_13
ptty_1108,yrdb1156,yft_33
ptty_1109,yrdb1157,yft_30
ptty_111,yrdb117,yft_17
ptty_1111,yrdb1159,yft_39
ptty_1112,yrdb1160,yft_5
ptty_1113,yrdb1161,yft_40
ptty_1114,yrdb1162,yft_33
ptty_1115,yrdb1163,yft_14
ptty_1116,yrdb1165,yft_9
ptty_1117,yrdb1166,yft_5
ptty_1118,yrdb1167,yft_6
ptty_1119,yrdb1168,yft_7
ptty_112,yrdb117,yft_27
ptty_1120,yrdb1168,yft_12
ptty_1121,yrdb1169,yft_24
ptty_1122,yrdb1170,yft_6
ptty_1123,yrdb1171,yft_7
ptty_1124,yrdb1171,yft_12
ptty_1125,yrdb1172,yft_5
ptty_1126,yrdb1173,yft_33
ptty_1127,yrdb1175,yft_5
ptty_1128,yrdb1176,yft_13
ptty_1130,yrdb1181,yft_4
ptty_1134,yrdb1186,yft_14
ptty_1135,yrdb1187,yft_15
ptty_1136,yrdb1188,yft_14
ptty_1137,yrdb1189,yft_33
ptty_1138,yrdb1190,yft_6
ptty_1139,yrdb1191,yft_14
ptty_1140,yrdb1192,yft_5
ptty_1141,yrdb1194,yft_14
ptty_1143,yrdb1196,yft_30
ptty_1144,yrdb1197,yft_6
ptty_1147,yrdb1200,yft_13
ptty_1148,yrdb1202,yft_25
ptty_1149,yrdb1203,yft_5
ptty_115,yrdb120,yft_33
ptty_1151,yrdb1205,yft_18
ptty_1152,yrdb1207,yft_15
ptty_1153,yrdb1208,yft_14
ptty_1155,yrdb1210,yft_31
ptty_1158,yrdb1213,yft_5
ptty_1159,yrdb1214,yft_17
ptty_116,yrdb121,yft_20
ptty_1160,yrdb1214,yft_27
ptty_1161,yrdb1215,yft_45
ptty_1162,yrdb1216,yft_10
ptty_1163,yrdb1217,yft_23
ptty_1165,yrdb1219,yft_35
ptty_1166,yrdb1220,yft_33
ptty_1167,yrdb1221,yft_14
ptty_1168,yrdb1222,yft_14
ptty_117,yrdb121,yft_29
ptty_1171,yrdb1225,yft_13
ptty_1173,yrdb1228,yft_5
ptty_1174,yrdb1230,yft_40
ptty_1175,yrdb1231,yft_21
ptty_1178,yrdb1234,yft_13
ptty_1179,yrdb1235,yft_20
ptty_118,yrdb122,yft_39
ptty_1180,yrdb1235,yft_29
ptty_1181,yrdb1236,yft_24
ptty_1182,yrdb1237,yft_9
ptty_1183,yrdb1238,yft_14
ptty_1185,yrdb1241,yft_24
ptty_1186,yrdb1242,yft_9
ptty_1188,yrdb1244,yft_9
ptty_119,yrdb123,yft_14
ptty_1190,yrdb1246,yft_15
ptty_1191,yrdb1247,yft_13
ptty_1193,yrdb1249,yft_15
ptty_1194,yrdb1250,yft_18
ptty_1195,yrdb1251,yft_9
ptty_1196,yrdb1252,yft_10
ptty_1197,yrdb1253,yft_15
ptty_1198,yrdb1254,yft_18
ptty_1199,yrdb1255,yft_33
ptty_12,yrdb13,yft_7
ptty_1200,yrdb1256,yft_13
ptty_1201,yrdb1257,yft_9
ptty_1204,yrdb1260,yft_15
ptty_1206,yrdb1262,yft_9
ptty_1207,yrdb1263,yft_19
ptty_1208,yrdb1264,yft_36
ptty_1209,yrdb1265,yft_13
ptty_1210,yrdb1266,yft_9
ptty_1211,yrdb1267,yft_9
ptty_1212,yrdb1268,yft_15
ptty_1213,yrdb1269,yft_9
ptty_1214,yrdb1270,yft_23
ptty_1215,yrdb1271,yft_8
ptty_1216,yrdb1272,yft_14
ptty_1217,yrdb1273,yft_16
ptty_1219,yrdb1275,yft_15
ptty_1220,yrdb1277,yft_13
ptty_1221,yrdb1278,yft_9
ptty_1223,yrdb1280,yft_15
ptty_1224,yrdb1282,yft_6
ptty_1225,yrdb1283,yft_17
ptty_1226,yrdb1283,yft_27
ptty_1227,yrdb1284,yft_9
ptty_1228,yrdb1285,yft_9
ptty_1229,yrdb1286,yft_9
ptty_123,yrdb128,yft_6
ptty_1231,yrdb1288,yft_14
ptty_1232,yrdb1289,yft_30
ptty_1233,yrdb1290,yft_33
ptty_1234,yrdb1291,yft_33
ptty_1236,yrdb1293,yft_24
ptty_1237,yrdb1294,yft_10
ptty_1238,yrdb1295,yft_40
ptty_1239,yrdb1296,yft_33
ptty_124,yrdb129,yft_15
ptty_1240,yrdb1297,yft_33
ptty_1241,yrdb1298,yft_33
ptty_1242,yrdb1299,yft_17
ptty_1243,yrdb1299,yft_27
ptty_1245,yrdb1301,yft_23
ptty_1246,yrdb1302,yft_24
ptty_1247,yrdb1303,yft_32
ptty_1248,yrdb1304,yft_14
ptty_125,yrdb130,yft_9
ptty_1250,yrdb1306,yft_9
ptty_1251,yrdb1307,yft_9
ptty_1252,yrdb1308,yft_5
ptty_1253,yrdb1309,yft_15
ptty_1254,yrdb1310,yft_7
ptty_1255,yrdb1310,yft_12
ptty_1256,yrdb1311,yft_6
ptty_1257,yrdb1312,yft_17
ptty_1258,yrdb1312,yft_27
ptty_1259,yrdb1313,yft_44
ptty_126,yrdb131,yft_48
ptty_1260,yrdb1314,yft_9
ptty_1261,yrdb1315,yft_35
ptty_1263,yrdb1317,yft_13
ptty_1266,yrdb1320,yft_45
ptty_1268,yrdb1322,yft_5
ptty_1269,yrdb1323,yft_32
ptty_127,yrdb133,yft_6
ptty_1270,yrdb1324,yft_13
ptty_1271,yrdb1325,yft_19
ptty_1274,yrdb1328,yft_28
ptty_1277,yrdb1331,yft_26
ptty_128,yrdb134,yft_4
ptty_1280,yrdb1334,yft_9
ptty_1281,yrdb1335,yft_15
ptty_1282,yrdb1336,yft_9
ptty_1283,yrdb1337,yft_9
ptty_1284,yrdb1338,yft_9
ptty_1285,yrdb1339,yft_5
ptty_1288,yrdb1342,yft_14
ptty_1289,yrdb1343,yft_9
ptty_129,yrdb135,yft_30
ptty_1290,yrdb1344,yft_23
ptty_1291,yrdb1345,yft_30
ptty_1292,yrdb1346,yft_9
ptty_1293,yrdb1347,yft_9
ptty_1295,yrdb1351,yft_16
ptty_1297,yrdb1353,yft_6
ptty_1298,yrdb1354,yft_33
ptty_1299,yrdb1355,yft_14
ptty_13,yrdb13,yft_12
ptty_1300,yrdb1356,yft_24
ptty_1301,yrdb1357,yft_30
ptty_1302,yrdb1358,yft_39
ptty_1304,yrdb1360,yft_5
ptty_1305,yrdb1361,yft_9
ptty_1306,yrdb1362,yft_45
ptty_1307,yrdb1363,yft_33
ptty_1308,yrdb1364,yft_9
ptty_131,yrdb138,yft_18
ptty_1310,yrdb1367,yft_25
ptty_1311,yrdb1368,yft_13
ptty_1314,yrdb1372,yft_6
ptty_1315,yrdb1373,yft_5
ptty_1316,yrdb1374,yft_6
ptty_1318,yrdb1376,yft_15
ptty_132,yrdb139,yft_6
ptty_1320,yrdb1378,yft_14
ptty_1321,yrdb1380,yft_9
ptty_1322,yrdb1381,yft_9
ptty_1325,yrdb1384,yft_9
ptty_1326,yrdb1385,yft_14
ptty_1327,yrdb1386,yft_33
ptty_1330,yrdb1389,yft_24
ptty_1332,yrdb1391,yft_14
ptty_1334,yrdb1393,yft_40
ptty_1337,yrdb1396,yft_33
ptty_1338,yrdb1397,yft_24
ptty_1339,yrdb1398,yft_33
ptty_134,yrdb142,yft_6
ptty_1340,yrdb1399,yft_15
ptty_1341,yrdb1400,yft_9
ptty_1342,yrdb1401,yft_14
ptty_1343,yrdb1402,yft_33
ptty_1344,yrdb1403,yft_33
ptty_1345,yrdb1404,yft_49
ptty_1346,yrdb1405,yft_13
ptty_1349,yrdb1408,yft_16
ptty_1350,yrdb1409,yft_33
ptty_1353,yrdb1412,yft_30
ptty_1356,yrdb1415,yft_33
ptty_1357,yrdb1416,yft_14
ptty_1358,yrdb1417,yft_33
ptty_1360,yrdb1420,yft_14
ptty_1361,yrdb1422,yft_13
ptty_1362,yrdb1423,yft_9
ptty_1363,yrdb1424,yft_17
ptty_1364,yrdb1424,yft_27
ptty_1365,yrdb1425,yft_6
ptty_1366,yrdb1426,yft_13
ptty_1367,yrdb1427,yft_10
ptty_1368,yrdb1428,yft_30
ptty_1371,yrdb1431,yft_9
ptty_1372,yrdb1432,yft_14
ptty_1375,yrdb1436,yft_9
ptty_1376,yrdb1437,yft_6
ptty_1377,yrdb1438,yft_5
ptty_1378,yrdb1439,yft_14
ptty_138,yrdb146,yft_13
ptty_1380,yrdb1442,yft_33
ptty_1381,yrdb1443,yft_14
ptty_1383,yrdb1445,yft_24
ptty_1384,yrdb1446,yft_14
ptty_1385,yrdb1447,yft_33
ptty_1386,yrdb1448,yft_13
ptty_1387,yrdb1449,yft_30
ptty_1389,yrdb1451,yft_47
ptty_139,yrdb148,yft_31
ptty_1393,yrdb1455,yft_23
ptty_1394,yrdb1456,yft_33
ptty_1395,yrdb1457,yft_30
ptty_1397,yrdb1459,yft_23
ptty_1398,yrdb1460,yft_47
ptty_1399,yrdb1461,yft_30
ptty_14,yrdb14,yft_2
ptty_140,yrdb149,yft_9
ptty_1401,yrdb1463,yft_6
ptty_1403,yrdb1465,yft_40
ptty_1404,yrdb1466,yft_11
ptty_1405,yrdb1467,yft_14
ptty_1406,yrdb1468,yft_40
ptty_1407,yrdb1469,yft_9
ptty_1408,yrdb1470,yft_13
ptty_1409,yrdb1471,yft_47
ptty_141,yrdb150,yft_33
ptty_1410,yrdb1472,yft_33
ptty_1412,yrdb1474,yft_33
ptty_1413,yrdb1475,yft_14
ptty_1414,yrdb1476,yft_6
ptty_1415,yrdb1477,yft_45
ptty_1416,yrdb1478,yft_39
ptty_1417,yrdb1479,yft_15
ptty_1418,yrdb1480,yft_1
ptty_1420,yrdb1484,yft_9
ptty_1421,yrdb1485,yft_19
ptty_1422,yrdb1486,yft_25
ptty_1423,yrdb1487,yft_9
ptty_1424,yrdb1488,yft_14
ptty_1425,yrdb1489,yft_41
ptty_1426,yrdb1491,yft_13
ptty_1427,yrdb1492,yft_24
ptty_143,yrdb152,yft_33
ptty_1430,yrdb1496,yft_13
ptty_1433,yrdb1499,yft_9
ptty_1434,yrdb1500,yft_16
ptty_1435,yrdb1501,yft_14
ptty_1436,yrdb1502,yft_16
ptty_1437,yrdb1503,yft_9
ptty_1440,yrdb1507,yft_33
ptty_1441,yrdb1508,yft_39
ptty_1443,yrdb1510,yft_40
ptty_1444,yrdb1511,yft_9
ptty_1445,yrdb1512,yft_31
ptty_1446,yrdb1513,yft_9
ptty_1447,yrdb1514,yft_44
ptty_1448,yrdb1515,yft_39
ptty_1449,yrdb1516,yft_9
ptty_1450,yrdb1517,yft_20
ptty_1451,yrdb1517,yft_29
ptty_1452,yrdb1518,yft_11
ptty_1453,yrdb1519,yft_11
ptty_1454,yrdb1520,yft_10
ptty_1456,yrdb1522,yft_6
ptty_1457,yrdb1524,yft_11
ptty_1458,yrdb1526,yft_10
ptty_146,yrdb155,yft_7
ptty_1460,yrdb1528,yft_9
ptty_1461,yrdb1529,yft_49
ptty_1462,yrdb1530,yft_9
ptty_1463,yrdb1531,yft_13
ptty_1466,yrdb1534,yft_14
ptty_1468,yrdb1536,yft_26
ptty_1469,yrdb1537,yft_30
ptty_147,yrdb155,yft_12
ptty_1470,yrdb1538,yft_31
ptty_1471,yrdb1539,yft_21
ptty_1473,yrdb1541,yft_33
ptty_1474,yrdb1542,yft_40
ptty_1476,yrdb1546,yft_13
ptty_1478,yrdb1548,yft_16
ptty_1479,yrdb1549,yft_23
ptty_148,yrdb156,yft_26
ptty_1480,yrdb1550,yft_5
ptty_1481,yrdb1551,yft_21
ptty_1482,yrdb1552,yft_10
ptty_1483,yrdb1553,yft_6
ptty_1484,yrdb1554,yft_26
ptty_1485,yrdb1555,yft_5
ptty_1487,yrdb1557,yft_14
ptty_1488,yrdb1558,yft_9
ptty_1489,yrdb1559,yft_6
ptty_149,yrdb157,yft_4
ptty_1492,yrdb1563,yft_33
ptty_1493,yrdb1564,yft_23
ptty_1494,yrdb1566,yft_33
ptty_1497,yrdb1570,yft_9
ptty_1499,yrdb1572,yft_13
ptty_15,yrdb16,yft_4
ptty_150,yrdb158,yft_5
ptty_1500,yrdb1573,yft_9
ptty_1502,yrdb1575,yft_9
ptty_1503,yrdb1576,yft_30
ptty_1505,yrdb1578,yft_9
ptty_1506,yrdb1579,yft_41
ptty_1507,yrdb1580,yft_14
ptty_1508,yrdb1581,yft_9
ptty_151,yrdb159,yft_9
ptty_1511,yrdb1584,yft_14
ptty_1512,yrdb1585,yft_14
ptty_1514,yrdb1587,yft_9
ptty_1515,yrdb1588,yft_43
ptty_1516,yrdb1589,yft_9
ptty_1517,yrdb1590,yft_9
ptty_1518,yrdb1591,yft_47
ptty_1519,yrdb1592,yft_45
ptty_152,yrdb160,yft_15
ptty_1522,yrdb1595,yft_5
ptty_1524,yrdb1597,yft_9
ptty_1525,yrdb1598,yft_13
ptty_1526,yrdb1599,yft_13
ptty_1527,yrdb1600,yft_4
ptty_1528,yrdb1601,yft_9
ptty_1529,yrdb1602,yft_17
ptty_153,yrdb161,yft_14
ptty_1530,yrdb1602,yft_27
ptty_1531,yrdb1603,yft_4
ptty_1532,yrdb1604,yft_33
ptty_1534,yrdb1606,yft_17
ptty_1535,yrdb1606,yft_27
ptty_1536,yrdb1607,yft_42
ptty_1537,yrdb1608,yft_5
ptty_1538,yrdb1609,yft_15
ptty_1539,yrdb1610,yft_13
ptty_1540,yrdb1611,yft_6
ptty_1541,yrdb1612,yft_6
ptty_1542,yrdb1614,yft_25
ptty_1544,yrdb1616,yft_14
ptty_1545,yrdb1618,yft_14
ptty_1546,yrdb1619,yft_6
ptty_1548,yrdb1621,yft_22
ptty_1549,yrdb1622,yft_7
ptty_1550,yrdb1622,yft_12
ptty_1551,yrdb1623,yft_6
ptty_1552,yrdb1625,yft_37
ptty_1553,yrdb1626,yft_30
ptty_1554,yrdb1627,yft_41
ptty_1556,yrdb1629,yft_30
ptty_1559,yrdb1632,yft_14
ptty_1560,yrdb1633,yft_16
ptty_1562,yrdb1635,yft_33
ptty_1563,yrdb1636,yft_9
ptty_1564,yrdb1637,yft_14
ptty_1566,yrdb1639,yft_9
ptty_1567,yrdb1640,yft_13
ptty_1568,yrdb1642,yft_13
ptty_1569,yrdb1643,yft_14
ptty_157,yrdb166,yft_6
ptty_1570,yrdb1644,yft_32
ptty_1571,yrdb1645,yft_13
ptty_1572,yrdb1646,yft_32
ptty_1573,yrdb1647,yft_19
ptty_1574,yrdb1648,yft_9
ptty_1575,yrdb1649,yft_8
ptty_1576,yrdb1650,yft_9
ptty_1577,yrdb1651,yft_14
ptty_1578,yrdb1652,yft_14
ptty_1579,yrdb1653,yft_15
ptty_158,yrdb167,yft_2
ptty_1581,yrdb1655,yft_6
ptty_1582,yrdb1656,yft_5
ptty_1583,yrdb1657,yft_17
ptty_1584,yrdb1657,yft_27
ptty_1585,yrdb1658,yft_14
ptty_1586,yrdb1659,yft_9
ptty_1587,yrdb1660,yft_5
ptty_1588,yrdb1661,yft_40
ptty_1589,yrdb1663,yft_14
ptty_159,yrdb168,yft_5
ptty_1590,yrdb1664,yft_47
ptty_1591,yrdb1665,yft_47
ptty_1592,yrdb1666,yft_14
ptty_1593,yrdb1667,yft_6
ptty_1594,yrdb1668,yft_6
ptty_1595,yrdb1669,yft_14
ptty_1598,yrdb1672,yft_7
ptty_1599,yrdb1672,yft_12
ptty_16,yrdb17,yft_9
ptty_160,yrdb169,yft_6
ptty_1600,yrdb1673,yft_48
ptty_1602,yrdb1675,yft_36
ptty_1603,yrdb1676,yft_7
ptty_1604,yrdb1676,yft_12
ptty_1605,yrdb1677,yft_36
ptty_1607,yrdb1680,yft_5
ptty_1608,yrdb1681,yft_2
ptty_1609,yrdb1682,yft_17
ptty_161,yrdb171,yft_9
ptty_1610,yrdb1682,yft_27
ptty_1611,yrdb1683,yft_2
ptty_1612,yrdb1684,yft_5
ptty_1614,yrdb1687,yft_3
ptty_1617,yrdb1690,yft_9
ptty_1618,yrdb1691,yft_5
ptty_162,yrdb172,yft_14
ptty_1620,yrdb1693,yft_13
ptty_1622,yrdb1695,yft_30
ptty_1623,yrdb1696,yft_6
ptty_1625,yrdb1699,yft_33
ptty_1626,yrdb1703,yft_32
ptty_1627,yrdb1704,yft_33
ptty_1628,yrdb1705,yft_6
ptty_1629,yrdb1706,yft_32
ptty_163,yrdb173,yft_3
ptty_1630,yrdb1707,yft_13
ptty_1631,yrdb1708,yft_9
ptty_1632,yrdb1709,yft_5
ptty_1633,yrdb1710,yft_15
ptty_1634,yrdb1711,yft_32
ptty_1636,yrdb1714,yft_5
ptty_1637,yrdb1715,yft_32
ptty_164,yrdb174,yft_6
ptty_1640,yrdb1718,yft_31
ptty_1641,yrdb1719,yft_5
ptty_1642,yrdb1720,yft_32
ptty_1644,yrdb1723,yft_9
ptty_1647,yrdb1726,yft_30
ptty_1648,yrdb1727,yft_6
ptty_1649,yrdb1728,yft_6
ptty_1654,yrdb1733,yft_16
ptty_1657,yrdb1738,yft_24
ptty_1658,yrdb1739,yft_32
ptty_1660,yrdb1741,yft_19
ptty_1663,yrdb1744,yft_39
ptty_1664,yrdb1745,yft_28
ptty_1665,yrdb1746,yft_14
ptty_1666,yrdb1747,yft_13
ptty_1667,yrdb1748,yft_6
ptty_1668,yrdb1749,yft_32
ptty_1669,yrdb1750,yft_5
ptty_167,yrdb178,yft_49
ptty_1672,yrdb1753,yft_2
ptty_1673,yrdb1754,yft_2
ptty_1674,yrdb1755,yft_4
ptty_1677,yrdb1759,yft_6
ptty_1678,yrdb1760,yft_3
ptty_1679,yrdb1761,yft_2
ptty_168,yrdb179,yft_6
ptty_1680,yrdb1762,yft_2
ptty_1681,yrdb1763,yft_2
ptty_1682,yrdb1764,yft_9
ptty_1683,yrdb1765,yft_3
ptty_1684,yrdb1767,yft_2
ptty_1685,yrdb1768,yft_9
ptty_1686,yrdb1769,yft_9
ptty_1687,yrdb1770,yft_10
ptty_1688,yrdb1771,yft_28
ptty_169,yrdb180,yft_34
ptty_1691,yrdb1774,yft_5
ptty_1692,yrdb1775,yft_10
ptty_1694,yrdb1777,yft_47
ptty_1695,yrdb1778,yft_34
ptty_1698,yrdb1781,yft_22
ptty_1699,yrdb1782,yft_22
ptty_17,yrdb18,yft_6
ptty_170,yrdb181,yft_10
ptty_1702,yrdb1786,yft_47
ptty_1705,yrdb1791,yft_9
ptty_1706,yrdb1792,yft_24
ptty_1707,yrdb1793,yft_6
ptty_1709,yrdb1795,yft_14
ptty_171,yrdb182,yft_9
ptty_1711,yrdb1797,yft_18
ptty_1712,yrdb1798,yft_5
ptty_1713,yrdb1799,yft_32
ptty_1714,yrdb1800,yft_32
ptty_1715,yrdb1802,yft_17
ptty_1716,yrdb1802,yft_27
ptty_1717,yrdb1803,yft_13
ptty_1719,yrdb1805,yft_5
ptty_172,yrdb183,yft_9
ptty_1720,yrdb1806,yft_31
ptty_1721,yrdb1807,yft_20
ptty_1722,yrdb1807,yft_29
ptty_1723,yrdb1808,yft_5
ptty_1724,yrdb1809,yft_13
ptty_1725,yrdb1810,yft_5
ptty_1726,yrdb1811,yft_42
ptty_1727,yrdb1812,yft_5
ptty_1728,yrdb1813,yft_36
ptty_173,yrdb184,yft_10
ptty_1730,yrdb1815,yft_14
ptty_1731,yrdb1816,yft_5
ptty_1732,yrdb1817,yft_33
ptty_1733,yrdb1818,yft_6
ptty_1734,yrdb1819,yft_47
ptty_1735,yrdb1820,yft_47
ptty_1736,yrdb1821,yft_32
ptty_1737,yrdb1822,yft_41
ptty_174,yrdb185,yft_33
ptty_1742,yrdb1828,yft_9
ptty_1744,yrdb1830,yft_42
ptty_1745,yrdb1831,yft_36
ptty_1746,yrdb1832,yft_15
ptty_1747,yrdb1833,yft_9
ptty_1748,yrdb1834,yft_33
ptty_1749,yrdb1835,yft_5
ptty_175,yrdb186,yft_14
ptty_1750,yrdb1837,yft_14
ptty_1751,yrdb1838,yft_13
ptty_1753,yrdb1840,yft_13
ptty_1756,yrdb1843,yft_39
ptty_1757,yrdb1844,yft_5
ptty_1759,yrdb1846,yft_9
ptty_176,yrdb187,yft_30
ptty_1760,yrdb1847,yft_32
ptty_1762,yrdb1850,yft_45
ptty_1763,yrdb1852,yft_4
ptty_1765,yrdb1855,yft_2
ptty_1766,yrdb1856,yft_5
ptty_1767,yrdb1857,yft_32
ptty_1769,yrdb1859,yft_6
ptty_177,yrdb188,yft_9
ptty_1770,yrdb1861,yft_9
ptty_1772,yrdb1864,yft_10
ptty_1773,yrdb1865,yft_32
ptty_1775,yrdb1867,yft_3
ptty_1776,yrdb1868,yft_2
ptty_1777,yrdb1869,yft_6
ptty_1778,yrdb1870,yft_6
ptty_1779,yrdb1872,yft_34
ptty_178,yrdb189,yft_9
ptty_1780,yrdb1873,yft_33
ptty_1781,yrdb1874,yft_47
ptty_1782,yrdb1875,yft_11
ptty_1783,yrdb1876,yft_17
ptty_1784,yrdb1876,yft_27
ptty_1786,yrdb1878,yft_35
ptty_1788,yrdb1881,yft_5
ptty_1789,yrdb1882,yft_11
ptty_179,yrdb190,yft_14
ptty_1790,yrdb1883,yft_31
ptty_1791,yrdb1884,yft_8
ptty_1793,yrdb1886,yft_14
ptty_1794,yrdb1888,yft_13
ptty_1795,yrdb1889,yft_42
ptty_1796,yrdb1890,yft_9
ptty_1797,yrdb1891,yft_13
ptty_1798,yrdb1892,yft_5
ptty_1799,yrdb1893,yft_33
ptty_180,yrdb191,yft_14
ptty_1800,yrdb1894,yft_5
ptty_1801,yrdb1895,yft_9
ptty_1802,yrdb1896,yft_5
ptty_1803,yrdb1897,yft_18
ptty_1804,yrdb1898,yft_6
ptty_1805,yrdb1899,yft_2
ptty_1807,yrdb1903,yft_4
ptty_1808,yrdb1904,yft_2
ptty_1809,yrdb1905,yft_36
ptty_181,yrdb192,yft_15
ptty_1811,yrdb1907,yft_7
ptty_1812,yrdb1907,yft_12
ptty_1814,yrdb1909,yft_5
ptty_1816,yrdb1911,yft_6
ptty_1817,yrdb1912,yft_9
ptty_1818,yrdb1913,yft_5
ptty_1819,yrdb1914,yft_15
ptty_182,yrdb193,yft_4
ptty_1820,yrdb1915,yft_14
ptty_1821,yrdb1916,yft_15
ptty_1822,yrdb1917,yft_14
ptty_1825,yrdb1920,yft_17
ptty_1826,yrdb1920,yft_27
ptty_1827,yrdb1921,yft_9
ptty_1828,yrdb1922,yft_19
ptty_1831,yrdb1925,yft_32
ptty_1832,yrdb1926,yft_6
ptty_1833,yrdb1927,yft_33
ptty_1835,yrdb1929,yft_8
ptty_1836,yrdb1930,yft_6
ptty_1837,yrdb1931,yft_20
ptty_1838,yrdb1931,yft_29
ptty_1840,yrdb1933,yft_5
ptty_1841,yrdb1934,yft_14
ptty_1842,yrdb1935,yft_6
ptty_1843,yrdb1936,yft_6
ptty_1844,yrdb1937,yft_33
ptty_1845,yrdb1938,yft_20
ptty_1846,yrdb1938,yft_29
ptty_1847,yrdb1939,yft_20
ptty_1848,yrdb1939,yft_29
ptty_1849,yrdb1940,yft_9
ptty_185,yrdb196,yft_30
ptty_1850,yrdb1941,yft_14
ptty_1853,yrdb1945,yft_13
ptty_1854,yrdb1946,yft_47
ptty_1855,yrdb1947,yft_36
ptty_1857,yrdb1949,yft_3
ptty_1858,yrdb1950,yft_13
ptty_1859,yrdb1951,yft_18
ptty_186,yrdb197,yft_25
ptty_1860,yrdb1952,yft_5
ptty_1862,yrdb1954,yft_16
ptty_1864,yrdb1956,yft_13
ptty_1865,yrdb1957,yft_36
ptty_1866,yrdb1958,yft_9
ptty_1867,yrdb1959,yft_32
ptty_1868,yrdb1960,yft_25
ptty_1869,yrdb1961,yft_9
ptty_187,yrdb198,yft_9
ptty_1870,yrdb1962,yft_40
ptty_1872,yrdb1964,yft_6
ptty_1873,yrdb1966,yft_14
ptty_1874,yrdb1967,yft_5
ptty_1875,yrdb1968,yft_41
ptty_1877,yrdb1970,yft_6
ptty_1878,yrdb1971,yft_5
ptty_1879,yrdb1972,yft_9
ptty_188,yrdb199,yft_5
ptty_1880,yrdb1973,yft_32
ptty_1881,yrdb1974,yft_37
ptty_1882,yrdb1975,yft_32
ptty_1884,yrdb1977,yft_17
ptty_1885,yrdb1977,yft_27
ptty_1887,yrdb1979,yft_30
ptty_1888,yrdb1980,yft_25
ptty_189,yrdb200,yft_6
ptty_1890,yrdb1984,yft_20
ptty_1891,yrdb1984,yft_29
ptty_1892,yrdb1985,yft_15
ptty_1893,yrdb1986,yft_5
ptty_1895,yrdb1988,yft_5
ptty_1898,yrdb1993,yft_5
ptty_1899,yrdb1994,yft_9
ptty_19,yrdb21,yft_2
ptty_190,yrdb201,yft_4
ptty_1900,yrdb1995,yft_9
ptty_1902,yrdb1997,yft_14
ptty_1904,yrdb2000,yft_6
ptty_1906,yrdb2002,yft_6
ptty_1907,yrdb2003,yft_6
ptty_1908,yrdb2005,yft_32
ptty_1909,yrdb2006,yft_5
ptty_1910,yrdb2007,yft_45
ptty_1911,yrdb2008,yft_41
ptty_1912,yrdb2009,yft_6
ptty_1913,yrdb2010,yft_20
ptty_1914,yrdb2010,yft_29
ptty_1915,yrdb2011,yft_6
ptty_1916,yrdb2012,yft_6
ptty_1918,yrdb2015,yft_40
ptty_192,yrdb203,yft_31
ptty_1921,yrdb2018,yft_38
ptty_1922,yrdb2019,yft_24
ptty_1926,yrdb2023,yft_10
ptty_1928,yrdb2025,yft_5
ptty_193,yrdb205,yft_15
ptty_1930,yrdb2027,yft_18
ptty_1931,yrdb2028,yft_33
ptty_1932,yrdb2029,yft_31
ptty_1933,yrdb2030,yft_13
ptty_1934,yrdb2031,yft_30
ptty_1935,yrdb2033,yft_17
ptty_1936,yrdb2033,yft_27
ptty_1937,yrdb2034,yft_17
ptty_1938,yrdb2034,yft_27
ptty_1939,yrdb2035,yft_14
ptty_1940,yrdb2036,yft_24
ptty_1941,yrdb2037,yft_9
ptty_1942,yrdb2038,yft_9
ptty_1943,yrdb2039,yft_18
ptty_1944,yrdb2040,yft_28
ptty_1945,yrdb2041,yft_28
ptty_1947,yrdb2043,yft_25
ptty_1948,yrdb2044,yft_1
ptty_1952,yrdb2048,yft_40
ptty_1953,yrdb2050,yft_15
ptty_1955,yrdb2052,yft_17
ptty_1956,yrdb2052,yft_27
ptty_1957,yrdb2054,yft_21
ptty_1959,yrdb2056,yft_34
ptty_196,yrdb209,yft_32
ptty_1960,yrdb2057,yft_45
ptty_1961,yrdb2058,yft_45
ptty_1962,yrdb2059,yft_44
ptty_1963,yrdb2060,yft_24
ptty_1964,yrdb2061,yft_14
ptty_1965,yrdb2062,yft_13
ptty_1967,yrdb2064,yft_41
ptty_1968,yrdb2065,yft_33
ptty_197,yrdb210,yft_25
ptty_1971,yrdb2068,yft_37
ptty_1973,yrdb2070,yft_14
ptty_1974,yrdb2071,yft_24
ptty_1976,yrdb2073,yft_14
ptty_1978,yrdb2075,yft_32
ptty_1980,yrdb2077,yft_17
ptty_1981,yrdb2077,yft_27
ptty_1982,yrdb2078,yft_9
ptty_1983,yrdb2079,yft_33
ptty_1984,yrdb2080,yft_23
ptty_1985,yrdb2081,yft_9
ptty_1986,yrdb2082,yft_10
ptty_1987,yrdb2083,yft_30
ptty_1988,yrdb2084,yft_30
ptty_1989,yrdb2085,yft_14
ptty_199,yrdb212,yft_33
ptty_1990,yrdb2086,yft_10
ptty_1992,yrdb2088,yft_33
ptty_1993,yrdb2089,yft_14
ptty_1994,yrdb2090,yft_9
ptty_1995,yrdb2091,yft_49
ptty_1996,yrdb2092,yft_45
ptty_1997,yrdb2093,yft_48
ptty_1998,yrdb2094,yft_33
ptty_1999,yrdb2095,yft_33
ptty_2,yrdb2,yft_32
ptty_20,yrdb22,yft_13
ptty_200,yrdb213,yft_33
ptty_2000,yrdb2096,yft_17
ptty_2001,yrdb2096,yft_27
ptty_2002,yrdb2097,yft_17
ptty_2003,yrdb2097,yft_27
ptty_2005,yrdb2099,yft_13
ptty_2008,yrdb2102,yft_5
ptty_2009,yrdb2103,yft_33
ptty_201,yrdb214,yft_33
ptty_2010,yrdb2104,yft_19
ptty_2011,yrdb2105,yft_25
ptty_2012,yrdb2106,yft_15
ptty_2014,yrdb2109,yft_35
ptty_2015,yrdb2110,yft_33
ptty_2016,yrdb2111,yft_14
ptty_2017,yrdb2112,yft_33
ptty_2018,yrdb2113,yft_39
ptty_2019,yrdb2114,yft_25
ptty_202,yrdb215,yft_30
ptty_2021,yrdb2117,yft_20
ptty_2022,yrdb2117,yft_29
ptty_2023,yrdb2118,yft_13
ptty_2024,yrdb2119,yft_13
ptty_2027,yrdb2122,yft_13
ptty_2029,yrdb2124,yft_14
ptty_2030,yrdb2125,yft_14
ptty_2031,yrdb2126,yft_9
ptty_2032,yrdb2127,yft_24
ptty_2033,yrdb2128,yft_20
ptty_2034,yrdb2128,yft_29
ptty_2036,yrdb2130,yft_33
ptty_2037,yrdb2131,yft_14
ptty_2038,yrdb2132,yft_33
ptty_204,yrdb217,yft_30
ptty_2042,yrdb2136,yft_33
ptty_2043,yrdb2137,yft_14
ptty_2044,yrdb2138,yft_13
ptty_2045,yrdb2139,yft_33
ptty_2047,yrdb2141,yft_4
ptty_2048,yrdb2142,yft_9
ptty_205,yrdb218,yft_24
ptty_2050,yrdb2144,yft_30
ptty_2053,yrdb2147,yft_13
ptty_2055,yrdb2149,yft_18
ptty_2056,yrdb2150,yft_20
ptty_2057,yrdb2150,yft_29
ptty_2058,yrdb2151,yft_17
ptty_2059,yrdb2151,yft_27
ptty_206,yrdb219,yft_10
ptty_2062,yrdb2154,yft_39
ptty_2064,yrdb2156,yft_9
ptty_2066,yrdb2158,yft_6
ptty_2067,yrdb2160,yft_9
ptty_2068,yrdb2161,yft_9
ptty_2069,yrdb2162,yft_40
ptty_2070,yrdb2163,yft_9
ptty_2071,yrdb2164,yft_32
ptty_2072,yrdb2165,yft_13
ptty_2074,yrdb2167,yft_49
ptty_2075,yrdb2168,yft_10
ptty_2077,yrdb2170,yft_15
ptty_208,yrdb221,yft_10
ptty_2080,yrdb2174,yft_6
ptty_2082,yrdb2176,yft_33
ptty_2083,yrdb2177,yft_23
ptty_2085,yrdb2179,yft_37
ptty_2086,yrdb2180,yft_24
ptty_2087,yrdb2181,yft_24
ptty_2089,yrdb2183,yft_1
ptty_2090,yrdb2185,yft_9
ptty_2091,yrdb2186,yft_34
ptty_2092,yrdb2187,yft_14
ptty_2093,yrdb2188,yft_20
ptty_2094,yrdb2188,yft_29
ptty_2095,yrdb2189,yft_35
ptty_2096,yrdb2190,yft_16
ptty_2097,yrdb2191,yft_9
ptty_2098,yrdb2192,yft_14
ptty_2099,yrdb2193,yft_42
ptty_21,yrdb23,yft_9
ptty_2100,yrdb2194,yft_22
ptty_2101,yrdb2195,yft_9
ptty_2102,yrdb2197,yft_14
ptty_2104,yrdb2199,yft_33
ptty_2105,yrdb2200,yft_14
ptty_2106,yrdb2201,yft_6
ptty_211,yrdb224,yft_5
ptty_2111,yrdb2207,yft_5
ptty_2113,yrdb2209,yft_9
ptty_2114,yrdb2210,yft_15
ptty_2115,yrdb2211,yft_14
ptty_2116,yrdb2212,yft_19
ptty_2117,yrdb2213,yft_13
ptty_2118,yrdb2215,yft_13
ptty_212,yrdb225,yft_2
ptty_2120,yrdb2217,yft_9
ptty_2122,yrdb2219,yft_19
ptty_2123,yrdb2220,yft_9
ptty_2124,yrdb2221,yft_43
ptty_2125,yrdb2222,yft_33
ptty_2127,yrdb2225,yft_10
ptty_2128,yrdb2226,yft_9
ptty_2129,yrdb2227,yft_20
ptty_213,yrdb226,yft_14
ptty_2130,yrdb2227,yft_29
ptty_2131,yrdb2228,yft_15
ptty_2132,yrdb2229,yft_9
ptty_2134,yrdb2231,yft_6
ptty_2136,yrdb2233,yft_33
ptty_2137,yrdb2234,yft_33
ptty_214,yrdb227,yft_14
ptty_2140,yrdb2238,yft_15
ptty_2143,yrdb2242,yft_39
ptty_2144,yrdb2243,yft_5
ptty_2145,yrdb2244,yft_18
ptty_2146,yrdb2245,yft_4
ptty_2147,yrdb2246,yft_20
ptty_2148,yrdb2246,yft_29
ptty_215,yrdb228,yft_34
ptty_2151,yrdb2249,yft_11
ptty_2152,yrdb2250,yft_6
ptty_2153,yrdb2252,yft_5
ptty_2154,yrdb2253,yft_32
ptty_2155,yrdb2254,yft_6
ptty_2156,yrdb2255,yft_14
ptty_2157,yrdb2256,yft_33
ptty_2158,yrdb2257,yft_40
ptty_2159,yrdb2258,yft_9
ptty_2160,yrdb2259,yft_33
ptty_2161,yrdb2260,yft_31
ptty_2162,yrdb2261,yft_19
ptty_2163,yrdb2262,yft_31
ptty_2164,yrdb2263,yft_24
ptty_2165,yrdb2264,yft_13
ptty_2167,yrdb2266,yft_10
ptty_2168,yrdb2267,yft_47
ptty_2169,yrdb2268,yft_44
ptty_217,yrdb231,yft_24
ptty_2170,yrdb2269,yft_39
ptty_2171,yrdb2270,yft_20
ptty_2172,yrdb2270,yft_29
ptty_2173,yrdb2271,yft_15
ptty_2174,yrdb2272,yft_14
ptty_2175,yrdb2273,yft_13
ptty_2176,yrdb2274,yft_5
ptty_218,yrdb232,yft_25
ptty_2180,yrdb2278,yft_47
ptty_2181,yrdb2279,yft_9
ptty_2182,yrdb2282,yft_33
ptty_2183,yrdb2283,yft_6
ptty_2184,yrdb2285,yft_14
ptty_2185,yrdb2286,yft_9
ptty_2187,yrdb2288,yft_14
ptty_2188,yrdb2289,yft_48
ptty_2189,yrdb2290,yft_20
ptty_2190,yrdb2290,yft_29
ptty_2191,yrdb2292,yft_15
ptty_2192,yrdb2293,yft_17
ptty_2193,yrdb2293,yft_27
ptty_2194,yrdb2294,yft_13
ptty_2197,yrdb2297,yft_15
ptty_22,yrdb24,yft_6
ptty_2200,yrdb2300,yft_10
ptty_2201,yrdb2301,yft_6
ptty_2202,yrdb2303,yft_14
ptty_2203,yrdb2304,yft_31
ptty_2204,yrdb2306,yft_14
ptty_2205,yrdb2307,yft_14
ptty_2207,yrdb2309,yft_15
ptty_2208,yrdb2310,yft_9
ptty_2209,yrdb2311,yft_15
ptty_221,yrdb235,yft_24
ptty_2210,yrdb2313,yft_9
ptty_2211,yrdb2314,yft_9
ptty_2213,yrdb2317,yft_5
ptty_2214,yrdb2318,yft_9
ptty_2215,yrdb2319,yft_14
ptty_2216,yrdb2321,yft_30
ptty_2217,yrdb2322,yft_33
ptty_2218,yrdb2323,yft_40
ptty_2219,yrdb2324,yft_33
ptty_222,yrdb236,yft_8
ptty_2220,yrdb2325,yft_9
ptty_2221,yrdb2326,yft_9
ptty_2223,yrdb2328,yft_18
ptty_2225,yrdb2332,yft_33
ptty_2226,yrdb2333,yft_5
ptty_2227,yrdb2334,yft_9
ptty_2228,yrdb2335,yft_9
ptty_2229,yrdb2336,yft_32
ptty_2230,yrdb2337,yft_14
ptty_2231,yrdb2338,yft_33
ptty_2233,yrdb2340,yft_11
ptty_2234,yrdb2341,yft_6
ptty_2237,yrdb2346,yft_5
ptty_2238,yrdb2347,yft_3
ptty_2239,yrdb2348,yft_9
ptty_224,yrdb239,yft_9
ptty_2240,yrdb2350,yft_6
ptty_2241,yrdb2351,yft_13
ptty_2242,yrdb2352,yft_20
ptty_2243,yrdb2352,yft_29
ptty_2244,yrdb2353,yft_49
ptty_2246,yrdb2355,yft_9
ptty_2247,yrdb2356,yft_19
ptty_2248,yrdb2357,yft_25
ptty_2249,yrdb2359,yft_9
ptty_2250,yrdb2360,yft_14
ptty_2251,yrdb2361,yft_26
ptty_2253,yrdb2363,yft_39
ptty_2254,yrdb2364,yft_5
ptty_2255,yrdb2365,yft_9
ptty_2256,yrdb2366,yft_40
ptty_2257,yrdb2367,yft_9
ptty_2258,yrdb2368,yft_42
ptty_2259,yrdb2369,yft_15
ptty_226,yrdb241,yft_10
ptty_2260,yrdb2370,yft_24
ptty_2263,yrdb2373,yft_9
ptty_2264,yrdb2375,yft_25
ptty_2265,yrdb2376,yft_15
ptty_2267,yrdb2378,yft_14
ptty_2269,yrdb2380,yft_10
ptty_2270,yrdb2381,yft_10
ptty_2272,yrdb2384,yft_15
ptty_2273,yrdb2385,yft_33
ptty_2274,yrdb2386,yft_24
ptty_2275,yrdb2387,yft_30
ptty_2276,yrdb2389,yft_9
ptty_2277,yrdb2390,yft_19
ptty_2278,yrdb2391,yft_6
ptty_2279,yrdb2393,yft_17
ptty_228,yrdb243,yft_9
ptty_2280,yrdb2393,yft_27
ptty_2281,yrdb2394,yft_9
ptty_2282,yrdb2396,yft_9
ptty_2283,yrdb2397,yft_46
ptty_2284,yrdb2398,yft_32
ptty_2285,yrdb2399,yft_9
ptty_2286,yrdb2400,yft_17
ptty_2287,yrdb2400,yft_27
ptty_2288,yrdb2401,yft_45
ptty_2289,yrdb2402,yft_45
ptty_229,yrdb244,yft_11
ptty_2290,yrdb2403,yft_9
ptty_2291,yrdb2404,yft_15
ptty_2292,yrdb2405,yft_13
ptty_2293,yrdb2406,yft_6
ptty_2296,yrdb2409,yft_9
ptty_2297,yrdb2410,yft_14
ptty_2298,yrdb2411,yft_22
ptty_23,yrdb25,yft_4
ptty_230,yrdb245,yft_13
ptty_2301,yrdb2415,yft_10
ptty_2302,yrdb2416,yft_10
ptty_2303,yrdb2417,yft_13
ptty_2305,yrdb2419,yft_14
ptty_2306,yrdb2420,yft_14
ptty_2308,yrdb2422,yft_13
ptty_2310,yrdb2425,yft_14
ptty_2312,yrdb2428,yft_14
ptty_2313,yrdb2429,yft_14
ptty_2314,yrdb2430,yft_33
ptty_2315,yrdb2431,yft_13
ptty_2316,yrdb2432,yft_9
ptty_2317,yrdb2433,yft_33
ptty_2318,yrdb2434,yft_24
ptty_2319,yrdb2435,yft_39
ptty_232,yrdb248,yft_49
ptty_2320,yrdb2436,yft_14
ptty_2323,yrdb2439,yft_17
ptty_2324,yrdb2439,yft_27
ptty_2326,yrdb2441,yft_9
ptty_2327,yrdb2442,yft_2
ptty_2328,yrdb2443,yft_15
ptty_2329,yrdb2444,yft_6
ptty_2330,yrdb2445,yft_5
ptty_2331,yrdb2446,yft_24
ptty_2333,yrdb2448,yft_41
ptty_2337,yrdb2454,yft_14
ptty_2338,yrdb2455,yft_33
ptty_2339,yrdb2456,yft_14
ptty_2340,yrdb2457,yft_9
ptty_2341,yrdb2458,yft_9
ptty_2342,yrdb2459,yft_13
ptty_2343,yrdb2460,yft_31
ptty_2346,yrdb2463,yft_9
ptty_2347,yrdb2464,yft_48
ptty_235,yrdb252,yft_33
ptty_2350,yrdb2468,yft_21
ptty_2352,yrdb2470,yft_9
ptty_2354,yrdb2472,yft_9
ptty_2355,yrdb2473,yft_13
ptty_2356,yrdb2474,yft_5
ptty_2358,yrdb2476,yft_33
ptty_2359,yrdb2477,yft_39
ptty_236,yrdb254,yft_31
ptty_2360,yrdb2479,yft_41
ptty_2361,yrdb2480,yft_14
ptty_2362,yrdb2481,yft_15
ptty_2364,yrdb2484,yft_6
ptty_2367,yrdb2487,yft_8
ptty_2368,yrdb2488,yft_24
ptty_237,yrdb255,yft_17
ptty_2370,yrdb2490,yft_33
ptty_2371,yrdb2491,yft_13
ptty_2372,yrdb2492,yft_9
ptty_2373,yrdb2493,yft_13
ptty_2374,yrdb2495,yft_33
ptty_2375,yrdb2496,yft_15
ptty_2376,yrdb2497,yft_9
ptty_2377,yrdb2498,yft_6
ptty_2378,yrdb2500,yft_6
ptty_2379,yrdb2501,yft_13
ptty_238,yrdb255,yft_27
ptty_2380,yrdb2502,yft_15
ptty_2382,yrdb2504,yft_17
ptty_2383,yrdb2504,yft_27
ptty_2385,yrdb2506,yft_39
ptty_2386,yrdb2508,yft_14
ptty_2387,yrdb2509,yft_40
ptty_2388,yrdb2510,yft_9
ptty_2389,yrdb2511,yft_20
ptty_239,yrdb256,yft_33
ptty_2390,yrdb2511,yft_29
ptty_2391,yrdb2512,yft_41
ptty_2392,yrdb2513,yft_40
ptty_2393,yrdb2514,yft_32
ptty_2395,yrdb2516,yft_13
ptty_2396,yrdb2517,yft_5
ptty_2399,yrdb2520,yft_9
ptty_24,yrdb26,yft_17
ptty_240,yrdb257,yft_14
ptty_2400,yrdb2521,yft_9
ptty_2401,yrdb2522,yft_9
ptty_2403,yrdb2524,yft_9
ptty_2405,yrdb2526,yft_9
ptty_2406,yrdb2527,yft_30
ptty_2407,yrdb2528,yft_14
ptty_2408,yrdb2529,yft_24
ptty_2409,yrdb2530,yft_14
ptty_2410,yrdb2531,yft_8
ptty_2412,yrdb2533,yft_24
ptty_2413,yrdb2534,yft_9
ptty_2414,yrdb2535,yft_31
ptty_2415,yrdb2536,yft_20
ptty_2416,yrdb2536,yft_29
ptty_2418,yrdb2538,yft_9
ptty_242,yrdb259,yft_7
ptty_2421,yrdb2542,yft_9
ptty_2422,yrdb2543,yft_19
ptty_2423,yrdb2544,yft_15
ptty_2426,yrdb2547,yft_30
ptty_2428,yrdb2549,yft_10
ptty_243,yrdb259,yft_12
ptty_2431,yrdb2552,yft_37
ptty_2432,yrdb2553,yft_9
ptty_2433,yrdb2554,yft_18
ptty_2434,yrdb2555,yft_14
ptty_2435,yrdb2557,yft_10
ptty_2436,yrdb2558,yft_9
ptty_2437,yrdb2559,yft_6
ptty_2438,yrdb2560,yft_33
ptty_2439,yrdb2561,yft_10
ptty_244,yrdb260,yft_32
ptty_2440,yrdb2562,yft_24
ptty_2441,yrdb2563,yft_33
ptty_2442,yrdb2564,yft_6
ptty_2443,yrdb2565,yft_44
ptty_2444,yrdb2566,yft_31
ptty_2445,yrdb2568,yft_49
ptty_2446,yrdb2569,yft_33
ptty_2447,yrdb2570,yft_13
ptty_2448,yrdb2571,yft_33
ptty_2449,yrdb2573,yft_17
ptty_245,yrdb261,yft_14
ptty_2450,yrdb2573,yft_27
ptty_2451,yrdb2574,yft_9
ptty_2452,yrdb2575,yft_33
ptty_2453,yrdb2576,yft_5
ptty_2454,yrdb2577,yft_2
ptty_2455,yrdb2578,yft_7
ptty_2456,yrdb2578,yft_12
ptty_2457,yrdb2579,yft_14
ptty_2458,yrdb2581,yft_32
ptty_2459,yrdb2582,yft_35
ptty_246,yrdb262,yft_14
ptty_2460,yrdb2583,yft_24
ptty_2461,yrdb2584,yft_14
ptty_2464,yrdb2589,yft_20
ptty_2465,yrdb2589,yft_29
ptty_2468,yrdb2592,yft_17
ptty_2469,yrdb2592,yft_27
ptty_247,yrdb263,yft_9
ptty_2470,yrdb2593,yft_5
ptty_2471,yrdb2594,yft_13
ptty_2472,yrdb2595,yft_14
ptty_2476,yrdb2601,yft_18
ptty_2477,yrdb2602,yft_19
ptty_2478,yrdb2603,yft_14
ptty_2479,yrdb2604,yft_14
ptty_248,yrdb264,yft_9
ptty_2480,yrdb2605,yft_19
ptty_2481,yrdb2606,yft_16
ptty_2482,yrdb2607,yft_15
ptty_2483,yrdb2609,yft_11
ptty_2484,yrdb2611,yft_6
ptty_2485,yrdb2613,yft_33
ptty_2486,yrdb2614,yft_30
ptty_2487,yrdb2615,yft_49
ptty_2490,yrdb2618,yft_21
ptty_2492,yrdb2621,yft_9
ptty_2493,yrdb2622,yft_25
ptty_2494,yrdb2623,yft_13
ptty_2495,yrdb2624,yft_37
ptty_2496,yrdb2625,yft_31
ptty_2497,yrdb2626,yft_17
ptty_2498,yrdb2626,yft_27
ptty_2499,yrdb2627,yft_9
ptty_25,yrdb26,yft_27
ptty_250,yrdb266,yft_39
ptty_2500,yrdb2628,yft_33
ptty_2501,yrdb2629,yft_14
ptty_2502,yrdb2630,yft_40
ptty_2503,yrdb2631,yft_32
ptty_2504,yrdb2632,yft_39
ptty_2506,yrdb2634,yft_38
ptty_2507,yrdb2635,yft_13
ptty_2509,yrdb2637,yft_17
ptty_251,yrdb267,yft_9
ptty_2510,yrdb2637,yft_27
ptty_2513,yrdb2640,yft_9
ptty_2514,yrdb2642,yft_20
ptty_2515,yrdb2642,yft_29
ptty_2516,yrdb2643,yft_31
ptty_2517,yrdb2644,yft_31
ptty_2518,yrdb2645,yft_8
ptty_2519,yrdb2646,yft_33
ptty_252,yrdb268,yft_14
ptty_2520,yrdb2647,yft_6
ptty_2521,yrdb2648,yft_34
ptty_2522,yrdb2649,yft_6
ptty_2524,yrdb2651,yft_9
ptty_2525,yrdb2653,yft_8
ptty_2527,yrdb2658,yft_9
ptty_2528,yrdb2659,yft_6
ptty_2529,yrdb2660,yft_9
ptty_253,yrdb269,yft_14
ptty_2530,yrdb2661,yft_15
ptty_2531,yrdb2662,yft_5
ptty_2532,yrdb2663,yft_41
ptty_2533,yrdb2664,yft_32
ptty_2534,yrdb2665,yft_33
ptty_2536,yrdb2667,yft_5
ptty_2537,yrdb2668,yft_14
ptty_2538,yrdb2669,yft_14
ptty_254,yrdb270,yft_33
ptty_2542,yrdb2673,yft_5
ptty_2543,yrdb2674,yft_30
ptty_2545,yrdb2676,yft_9
ptty_2548,yrdb2679,yft_9
ptty_2549,yrdb2680,yft_9
ptty_255,yrdb271,yft_14
ptty_2550,yrdb2681,yft_9
ptty_2551,yrdb2682,yft_47
ptty_2554,yrdb2685,yft_33
ptty_2555,yrdb2686,yft_15
ptty_2556,yrdb2687,yft_9
ptty_2557,yrdb2688,yft_9
ptty_2558,yrdb2689,yft_47
ptty_2559,yrdb2690,yft_13
ptty_256,yrdb272,yft_47
ptty_2560,yrdb2691,yft_6
ptty_2562,yrdb2693,yft_25
ptty_2563,yrdb2694,yft_9
ptty_2564,yrdb2695,yft_5
ptty_2565,yrdb2696,yft_10
ptty_2567,yrdb2700,yft_6
ptty_2568,yrdb2701,yft_15
ptty_2569,yrdb2702,yft_35
ptty_257,yrdb273,yft_14
ptty_2571,yrdb2704,yft_23
ptty_2572,yrdb2705,yft_25
ptty_2573,yrdb2706,yft_33
ptty_2574,yrdb2707,yft_32
ptty_2577,yrdb2712,yft_5
ptty_2578,yrdb2713,yft_6
ptty_258,yrdb274,yft_14
ptty_2580,yrdb2715,yft_9
ptty_2581,yrdb2716,yft_25
ptty_2583,yrdb2719,yft_9
ptty_2585,yrdb2721,yft_5
ptty_2586,yrdb2722,yft_22
ptty_2589,yrdb2725,yft_6
ptty_259,yrdb275,yft_17
ptty_2591,yrdb2728,yft_13
ptty_2592,yrdb2729,yft_14
ptty_2594,yrdb2731,yft_19
ptty_2596,yrdb2735,yft_4
ptty_2597,yrdb2736,yft_14
ptty_2598,yrdb2737,yft_17
ptty_2599,yrdb2737,yft_27
ptty_26,yrdb27,yft_14
ptty_260,yrdb275,yft_27
ptty_2600,yrdb2738,yft_9
ptty_2601,yrdb2739,yft_32
ptty_2602,yrdb2740,yft_24
ptty_2603,yrdb2741,yft_9
ptty_2604,yrdb2742,yft_14
ptty_2605,yrdb2743,yft_19
ptty_2606,yrdb2744,yft_13
ptty_2608,yrdb2746,yft_47
ptty_2609,yrdb2748,yft_9
ptty_261,yrdb276,yft_16
ptty_2611,yrdb2750,yft_33
ptty_2614,yrdb2754,yft_9
ptty_2615,yrdb2755,yft_14
ptty_2616,yrdb2756,yft_33
ptty_2618,yrdb2758,yft_9
ptty_262,yrdb277,yft_14
ptty_2622,yrdb2762,yft_13
ptty_2624,yrdb2764,yft_10
ptty_2626,yrdb2766,yft_33
ptty_2627,yrdb2767,yft_5
ptty_2628,yrdb2768,yft_9
ptty_2629,yrdb2769,yft_9
ptty_263,yrdb278,yft_14
ptty_2631,yrdb2772,yft_17
ptty_2632,yrdb2772,yft_27
ptty_2635,yrdb2775,yft_14
ptty_2637,yrdb2777,yft_5
ptty_2638,yrdb2778,yft_30
ptty_2639,yrdb2779,yft_44
ptty_264,yrdb279,yft_42
ptty_2640,yrdb2780,yft_7
ptty_2641,yrdb2780,yft_12
ptty_2642,yrdb2781,yft_30
ptty_2643,yrdb2782,yft_5
ptty_2644,yrdb2783,yft_20
ptty_2645,yrdb2783,yft_29
ptty_2646,yrdb2784,yft_25
ptty_2647,yrdb2785,yft_33
ptty_2648,yrdb2786,yft_13
ptty_2649,yrdb2787,yft_30
ptty_265,yrdb280,yft_9
ptty_2650,yrdb2788,yft_6
ptty_2651,yrdb2789,yft_13
ptty_2656,yrdb2795,yft_8
ptty_2657,yrdb2796,yft_5
ptty_2658,yrdb2797,yft_14
ptty_2661,yrdb2801,yft_9
ptty_2662,yrdb2802,yft_46
ptty_2663,yrdb2803,yft_14
ptty_2664,yrdb2804,yft_14
ptty_2666,yrdb2806,yft_30
ptty_2668,yrdb2808,yft_32
ptty_2669,yrdb2809,yft_32
ptty_267,yrdb282,yft_14
ptty_2671,yrdb2811,yft_25
ptty_2672,yrdb2812,yft_31
ptty_2673,yrdb2813,yft_18
ptty_2674,yrdb2814,yft_14
ptty_2675,yrdb2815,yft_9
ptty_2676,yrdb2816,yft_9
ptty_2677,yrdb2817,yft_20
ptty_2678,yrdb2817,yft_29
ptty_2679,yrdb2818,yft_33
ptty_268,yrdb283,yft_16
ptty_2680,yrdb2819,yft_36
ptty_2681,yrdb2820,yft_13
ptty_2682,yrdb2821,yft_24
ptty_2683,yrdb2822,yft_9
ptty_2684,yrdb2824,yft_26
ptty_2685,yrdb2825,yft_13
ptty_2686,yrdb2826,yft_9
ptty_269,yrdb284,yft_35
ptty_2691,yrdb2831,yft_23
ptty_2692,yrdb2832,yft_43
ptty_2693,yrdb2833,yft_5
ptty_2694,yrdb2834,yft_30
ptty_2695,yrdb2835,yft_14
ptty_2696,yrdb2836,yft_9
ptty_2697,yrdb2837,yft_10
ptty_2698,yrdb2838,yft_9
ptty_2699,yrdb2839,yft_32
ptty_2700,yrdb2840,yft_24
ptty_2701,yrdb2841,yft_24
ptty_2702,yrdb2842,yft_14
ptty_2703,yrdb2843,yft_9
ptty_2706,yrdb2848,yft_33
ptty_2707,yrdb2849,yft_43
ptty_2709,yrdb2854,yft_13
ptty_2710,yrdb2855,yft_1
ptty_2712,yrdb2857,yft_10
ptty_2714,yrdb2860,yft_9
ptty_2715,yrdb2861,yft_9
ptty_2718,yrdb2864,yft_13
ptty_272,yrdb288,yft_14
ptty_2720,yrdb2866,yft_14
ptty_2721,yrdb2867,yft_45
ptty_2722,yrdb2868,yft_13
ptty_2724,yrdb2870,yft_9
ptty_2725,yrdb2871,yft_9
ptty_2726,yrdb2872,yft_13
ptty_2728,yrdb2874,yft_41
ptty_273,yrdb289,yft_25
ptty_2730,yrdb2876,yft_7
ptty_2731,yrdb2876,yft_12
ptty_2732,yrdb2878,yft_19
ptty_2733,yrdb2879,yft_5
ptty_2734,yrdb2880,yft_32
ptty_2735,yrdb2881,yft_14
ptty_2736,yrdb2882,yft_47
ptty_2737,yrdb2883,yft_48
ptty_2740,yrdb2886,yft_14
ptty_2741,yrdb2887,yft_14
ptty_2742,yrdb2888,yft_4
ptty_2743,yrdb2889,yft_24
ptty_2744,yrdb2890,yft_16
ptty_2745,yrdb2891,yft_33
ptty_2746,yrdb2892,yft_5
ptty_2747,yrdb2895,yft_10
ptty_2748,yrdb2896,yft_5
ptty_2749,yrdb2897,yft_34
ptty_275,yrdb291,yft_5
ptty_2751,yrdb2899,yft_13
ptty_2752,yrdb2900,yft_38
ptty_2753,yrdb2901,yft_33
ptty_2754,yrdb2902,yft_5
ptty_2755,yrdb2903,yft_25
ptty_2756,yrdb2904,yft_6
ptty_2760,yrdb2908,yft_11
ptty_2761,yrdb2909,yft_5
ptty_2762,yrdb2910,yft_11
ptty_2763,yrdb2911,yft_25
ptty_2765,yrdb2913,yft_14
ptty_2766,yrdb2914,yft_9
ptty_2767,yrdb2915,yft_46
ptty_2768,yrdb2916,yft_33
ptty_2769,yrdb2917,yft_9
ptty_277,yrdb293,yft_40
ptty_2771,yrdb2919,yft_9
ptty_2776,yrdb2925,yft_6
ptty_2778,yrdb2927,yft_6
ptty_278,yrdb295,yft_25
ptty_2781,yrdb2931,yft_14
ptty_2782,yrdb2932,yft_14
ptty_2783,yrdb2933,yft_14
ptty_2784,yrdb2934,yft_34
ptty_2785,yrdb2935,yft_6
ptty_2786,yrdb2936,yft_26
ptty_2787,yrdb2937,yft_30
ptty_2789,yrdb2940,yft_49
ptty_279,yrdb296,yft_15
ptty_2790,yrdb2941,yft_17
ptty_2791,yrdb2941,yft_27
ptty_2792,yrdb2942,yft_48
ptty_2793,yrdb2943,yft_6
ptty_2794,yrdb2944,yft_5
ptty_2795,yrdb2945,yft_34
ptty_2798,yrdb2948,yft_13
ptty_28,yrdb29,yft_9
ptty_280,yrdb297,yft_43
ptty_2801,yrdb2951,yft_40
ptty_2802,yrdb2952,yft_49
ptty_2804,yrdb2954,yft_9
ptty_2805,yrdb2955,yft_23
ptty_2806,yrdb2956,yft_10
ptty_2807,yrdb2957,yft_9
ptty_2809,yrdb2959,yft_9
ptty_281,yrdb298,yft_31
ptty_2811,yrdb2961,yft_9
ptty_2812,yrdb2962,yft_13
ptty_2813,yrdb2963,yft_13
ptty_2814,yrdb2964,yft_13
ptty_2815,yrdb2966,yft_6
ptty_2816,yrdb2969,yft_9
ptty_282,yrdb299,yft_5
ptty_2820,yrdb2975,yft_6
ptty_2821,yrdb2976,yft_5
ptty_2825,yrdb2980,yft_19
ptty_2826,yrdb2981,yft_6
ptty_2828,yrdb2983,yft_34
ptty_2829,yrdb2985,yft_13
ptty_2830,yrdb2986,yft_9
ptty_2831,yrdb2987,yft_14
ptty_2835,yrdb2991,yft_9
ptty_2836,yrdb2992,yft_13
ptty_2838,yrdb2994,yft_6
ptty_284,yrdb302,yft_13
ptty_2841,yrdb2997,yft_44
ptty_2842,yrdb2998,yft_13
ptty_2845,yrdb3001,yft_5
ptty_2846,yrdb3002,yft_15
ptty_2847,yrdb3003,yft_44
ptty_2848,yrdb3004,yft_13
ptty_2849,yrdb3005,yft_36
ptty_2850,yrdb3006,yft_24
ptty_2851,yrdb3007,yft_34
ptty_2852,yrdb3008,yft_9
ptty_2853,yrdb3009,yft_30
ptty_2854,yrdb3010,yft_20
ptty_2855,yrdb3010,yft_29
ptty_2857,yrdb3013,yft_41
ptty_2858,yrdb3014,yft_15
ptty_2859,yrdb3015,yft_33
ptty_286,yrdb305,yft_30
ptty_2860,yrdb3016,yft_6
ptty_2862,yrdb3019,yft_5
ptty_2863,yrdb3020,yft_30
ptty_2864,yrdb3021,yft_14
ptty_2866,yrdb3023,yft_15
ptty_2867,yrdb3024,yft_13
ptty_2868,yrdb3025,yft_15
ptty_287,yrdb306,yft_6
ptty_2870,yrdb3027,yft_13
ptty_2871,yrdb3028,yft_9
ptty_2872,yrdb3029,yft_6
ptty_2873,yrdb3030,yft_47
ptty_2874,yrdb3031,yft_11
ptty_2876,yrdb3033,yft_6
ptty_2877,yrdb3034,yft_42
ptty_2878,yrdb3035,yft_15
ptty_2879,yrdb3036,yft_9
ptty_288,yrdb308,yft_33
ptty_2881,yrdb3038,yft_24
ptty_2882,yrdb3039,yft_14
ptty_2883,yrdb3040,yft_33
ptty_2884,yrdb3041,yft_14
ptty_2886,yrdb3044,yft_5
ptty_2889,yrdb3047,yft_14
ptty_289,yrdb309,yft_30
ptty_2890,yrdb3048,yft_2
ptty_2891,yrdb3049,yft_14
ptty_2892,yrdb3050,yft_14
ptty_2893,yrdb3051,yft_14
ptty_2894,yrdb3052,yft_14
ptty_2896,yrdb3054,yft_14
ptty_2897,yrdb3055,yft_14
ptty_2898,yrdb3056,yft_14
ptty_2899,yrdb3057,yft_15
ptty_2900,yrdb3058,yft_14
ptty_2901,yrdb3059,yft_14
ptty_2902,yrdb3060,yft_14
ptty_2904,yrdb3062,yft_14
ptty_2905,yrdb3063,yft_9
ptty_2906,yrdb3064,yft_6
ptty_2908,yrdb3067,yft_15
ptty_291,yrdb311,yft_5
ptty_2910,yrdb3071,yft_14
ptty_2912,yrdb3073,yft_31
ptty_2913,yrdb3074,yft_6
ptty_2914,yrdb3078,yft_15
ptty_2916,yrdb3081,yft_6
ptty_2917,yrdb3083,yft_19
ptty_2918,yrdb3084,yft_6
ptty_2919,yrdb3085,yft_9
ptty_292,yrdb312,yft_6
ptty_2920,yrdb3086,yft_6
ptty_2921,yrdb3088,yft_25
ptty_2923,yrdb3090,yft_5
ptty_2924,yrdb3091,yft_8
ptty_2925,yrdb3092,yft_9
ptty_2928,yrdb3096,yft_9
ptty_2929,yrdb3097,yft_10
ptty_293,yrdb313,yft_33
ptty_2930,yrdb3098,yft_6
ptty_2931,yrdb3099,yft_9
ptty_2932,yrdb3100,yft_6
ptty_2933,yrdb3102,yft_24
ptty_2934,yrdb3103,yft_13
ptty_2935,yrdb3104,yft_6
ptty_2936,yrdb3105,yft_22
ptty_2937,yrdb3106,yft_9
ptty_2938,yrdb3108,yft_14
ptty_2939,yrdb3109,yft_14
ptty_2943,yrdb3113,yft_6
ptty_2944,yrdb3114,yft_14
ptty_2947,yrdb3118,yft_13
ptty_2948,yrdb3119,yft_41
ptty_2949,yrdb3121,yft_44
ptty_295,yrdb315,yft_2
ptty_2950,yrdb3122,yft_22
ptty_2951,yrdb3123,yft_13
ptty_2952,yrdb3125,yft_15
ptty_2956,yrdb3130,yft_13
ptty_2957,yrdb3131,yft_5
ptty_2958,yrdb3132,yft_14
ptty_2959,yrdb3133,yft_13
ptty_296,yrdb316,yft_24
ptty_2960,yrdb3134,yft_9
ptty_2961,yrdb3136,yft_21
ptty_2962,yrdb3137,yft_20
ptty_2963,yrdb3137,yft_29
ptty_2965,yrdb3139,yft_9
ptty_2968,yrdb3142,yft_9
ptty_2969,yrdb3143,yft_15
ptty_297,yrdb317,yft_15
ptty_2970,yrdb3145,yft_18
ptty_2971,yrdb3147,yft_15
ptty_2972,yrdb3148,yft_6
ptty_2974,yrdb3150,yft_6
ptty_2976,yrdb3152,yft_32
ptty_2978,yrdb3154,yft_9
ptty_2979,yrdb3155,yft_45
ptty_298,yrdb318,yft_5
ptty_2980,yrdb3156,yft_33
ptty_2981,yrdb3157,yft_33
ptty_2982,yrdb3158,yft_14
ptty_2983,yrdb3159,yft_24
ptty_2984,yrdb3160,yft_17
ptty_2985,yrdb3160,yft_27
ptty_2986,yrdb3161,yft_30
ptty_299,yrdb319,yft_6
ptty_2993,yrdb3168,yft_1
ptty_2994,yrdb3169,yft_5
ptty_2995,yrdb3170,yft_10
ptty_2997,yrdb3172,yft_16
ptty_2998,yrdb3173,yft_9
ptty_3,yrdb3,yft_10
ptty_30,yrdb31,yft_9
ptty_300,yrdb320,yft_14
ptty_3000,yrdb3175,yft_30
ptty_3001,yrdb3176,yft_9
ptty_3002,yrdb3177,yft_16
ptty_3003,yrdb3178,yft_13
ptty_3004,yrdb3180,yft_9
ptty_3005,yrdb3184,yft_6
ptty_3007,yrdb3186,yft_5
ptty_3008,yrdb3187,yft_34
ptty_301,yrdb322,yft_21
ptty_3010,yrdb3189,yft_2
ptty_3011,yrdb3190,yft_2
ptty_3012,yrdb3191,yft_31
ptty_3013,yrdb3192,yft_6
ptty_3014,yrdb3193,yft_19
ptty_3016,yrdb3195,yft_30
ptty_3017,yrdb3196,yft_14
ptty_3018,yrdb3197,yft_20
ptty_3019,yrdb3197,yft_29
ptty_3023,yrdb3201,yft_10
ptty_3025,yrdb3203,yft_13
ptty_3026,yrdb3204,yft_14
ptty_3027,yrdb3205,yft_15
ptty_3028,yrdb3206,yft_15
ptty_3029,yrdb3207,yft_15
ptty_303,yrdb325,yft_17
ptty_3030,yrdb3208,yft_5
ptty_3031,yrdb3209,yft_45
ptty_3032,yrdb3210,yft_5
ptty_3034,yrdb3212,yft_5
ptty_3035,yrdb3213,yft_21
ptty_3037,yrdb3215,yft_38
ptty_3038,yrdb3216,yft_6
ptty_3039,yrdb3217,yft_5
ptty_304,yrdb325,yft_27
ptty_3041,yrdb3219,yft_9
ptty_3042,yrdb3220,yft_9
ptty_3043,yrdb3221,yft_14
ptty_3044,yrdb3222,yft_23
ptty_3045,yrdb3223,yft_9
ptty_3046,yrdb3224,yft_14
ptty_3047,yrdb3225,yft_9
ptty_3048,yrdb3226,yft_9
ptty_3049,yrdb3227,yft_9
ptty_305,yrdb326,yft_13
ptty_3050,yrdb3228,yft_47
ptty_3051,yrdb3229,yft_31
ptty_3052,yrdb3230,yft_5
ptty_3053,yrdb3231,yft_14
ptty_3055,yrdb3233,yft_24
ptty_3056,yrdb3234,yft_9
ptty_3057,yrdb3235,yft_16
ptty_3059,yrdb3237,yft_5
ptty_306,yrdb327,yft_2
ptty_3060,yrdb3238,yft_47
ptty_3061,yrdb3239,yft_6
ptty_3062,yrdb3240,yft_33
ptty_3064,yrdb3242,yft_37
ptty_3066,yrdb3244,yft_9
ptty_3067,yrdb3245,yft_6
ptty_3068,yrdb3246,yft_9
ptty_3069,yrdb3247,yft_17
ptty_307,yrdb328,yft_10
ptty_3070,yrdb3247,yft_27
ptty_3071,yrdb3249,yft_19
ptty_3072,yrdb3250,yft_5
ptty_3074,yrdb3252,yft_3
ptty_3078,yrdb3256,yft_9
ptty_3079,yrdb3257,yft_39
ptty_308,yrdb330,yft_14
ptty_3081,yrdb3260,yft_9
ptty_3082,yrdb3261,yft_6
ptty_3083,yrdb3263,yft_6
ptty_3084,yrdb3264,yft_5
ptty_3085,yrdb3265,yft_6
ptty_3086,yrdb3266,yft_9
ptty_3088,yrdb3268,yft_24
ptty_309,yrdb331,yft_24
ptty_3091,yrdb3271,yft_14
ptty_3093,yrdb3274,yft_40
ptty_3094,yrdb3275,yft_26
ptty_3095,yrdb3276,yft_6
ptty_3096,yrdb3277,yft_9
ptty_3097,yrdb3278,yft_24
ptty_3099,yrdb3280,yft_20
ptty_310,yrdb332,yft_44
ptty_3100,yrdb3280,yft_29
ptty_3101,yrdb3281,yft_31
ptty_3102,yrdb3282,yft_30
ptty_3103,yrdb3283,yft_33
ptty_3105,yrdb3285,yft_30
ptty_3106,yrdb3286,yft_6
ptty_3107,yrdb3288,yft_10
ptty_3108,yrdb3289,yft_9
ptty_311,yrdb333,yft_11
ptty_3111,yrdb3292,yft_35
ptty_3112,yrdb3293,yft_6
ptty_3113,yrdb3294,yft_32
ptty_3115,yrdb3297,yft_4
ptty_3116,yrdb3298,yft_32
ptty_3117,yrdb3299,yft_6
ptty_3118,yrdb3301,yft_9
ptty_3119,yrdb3302,yft_38
ptty_312,yrdb334,yft_24
ptty_3120,yrdb3303,yft_13
ptty_3122,yrdb3305,yft_42
ptty_3123,yrdb3306,yft_5
ptty_3124,yrdb3307,yft_36
ptty_3125,yrdb3308,yft_6
ptty_3126,yrdb3309,yft_23
ptty_3127,yrdb3310,yft_33
ptty_3129,yrdb3313,yft_15
ptty_3130,yrdb3314,yft_49
ptty_3131,yrdb3315,yft_47
ptty_3134,yrdb3318,yft_5
ptty_3135,yrdb3319,yft_14
ptty_3136,yrdb3320,yft_6
ptty_3137,yrdb3323,yft_9
ptty_3138,yrdb3324,yft_44
ptty_3139,yrdb3325,yft_32
ptty_314,yrdb336,yft_32
ptty_3140,yrdb3326,yft_9
ptty_3141,yrdb3328,yft_9
ptty_3143,yrdb3330,yft_14
ptty_3145,yrdb3332,yft_33
ptty_3147,yrdb3334,yft_20
ptty_3148,yrdb3334,yft_29
ptty_3149,yrdb3335,yft_47
ptty_315,yrdb337,yft_10
ptty_3152,yrdb3338,yft_23
ptty_3153,yrdb3339,yft_15
ptty_3154,yrdb3340,yft_9
ptty_3155,yrdb3341,yft_14
ptty_3156,yrdb3343,yft_30
ptty_3157,yrdb3344,yft_15
ptty_3158,yrdb3346,yft_10
ptty_3159,yrdb3347,yft_10
ptty_3160,yrdb3348,yft_15
ptty_3161,yrdb3349,yft_44
ptty_3162,yrdb3350,yft_9
ptty_3163,yrdb3351,yft_39
ptty_3164,yrdb3352,yft_24
ptty_3166,yrdb3354,yft_33
ptty_3167,yrdb3355,yft_23
ptty_3168,yrdb3356,yft_18
ptty_3170,yrdb3358,yft_23
ptty_3171,yrdb3360,yft_9
ptty_3172,yrdb3361,yft_17
ptty_3173,yrdb3361,yft_27
ptty_3174,yrdb3362,yft_33
ptty_3175,yrdb3363,yft_9
ptty_3177,yrdb3365,yft_32
ptty_3178,yrdb3366,yft_22
ptty_3179,yrdb3368,yft_43
ptty_318,yrdb340,yft_5
ptty_3180,yrdb3369,yft_9
ptty_3182,yrdb3371,yft_31
ptty_3183,yrdb3372,yft_32
ptty_3184,yrdb3373,yft_9
ptty_3185,yrdb3374,yft_13
ptty_3186,yrdb3375,yft_15
ptty_3188,yrdb3377,yft_30
ptty_3189,yrdb3378,yft_9
ptty_319,yrdb341,yft_4
ptty_3190,yrdb3379,yft_43
ptty_3191,yrdb3380,yft_14
ptty_3193,yrdb3382,yft_39
ptty_3195,yrdb3384,yft_23
ptty_3196,yrdb3385,yft_24
ptty_3197,yrdb3386,yft_14
ptty_3198,yrdb3388,yft_43
ptty_32,yrdb34,yft_6
ptty_3200,yrdb3390,yft_13
ptty_3201,yrdb3391,yft_14
ptty_3203,yrdb3393,yft_30
ptty_3204,yrdb3394,yft_17
ptty_3205,yrdb3394,yft_27
ptty_3206,yrdb3395,yft_20
ptty_3207,yrdb3395,yft_29
ptty_3208,yrdb3396,yft_10
ptty_321,yrdb343,yft_10
ptty_3211,yrdb3399,yft_30
ptty_3212,yrdb3400,yft_33
ptty_3215,yrdb3405,yft_6
ptty_3218,yrdb3409,yft_13
ptty_3220,yrdb3411,yft_15
ptty_3221,yrdb3413,yft_44
ptty_3227,yrdb3421,yft_6
ptty_3228,yrdb3422,yft_26
ptty_3229,yrdb3423,yft_13
ptty_3230,yrdb3424,yft_30
ptty_3232,yrdb3426,yft_39
ptty_3233,yrdb3427,yft_33
ptty_3234,yrdb3428,yft_5
ptty_3235,yrdb3429,yft_7
ptty_3236,yrdb3429,yft_12
ptty_3237,yrdb3431,yft_6
ptty_3238,yrdb3433,yft_8
ptty_3239,yrdb3435,yft_14
ptty_324,yrdb347,yft_9
ptty_3240,yrdb3436,yft_33
ptty_3241,yrdb3437,yft_26
ptty_3242,yrdb3438,yft_39
ptty_3243,yrdb3439,yft_30
ptty_3244,yrdb3440,yft_33
ptty_3245,yrdb3441,yft_17
ptty_3246,yrdb3441,yft_27
ptty_3248,yrdb3443,yft_46
ptty_3249,yrdb3444,yft_35
ptty_3251,yrdb3446,yft_40
ptty_3254,yrdb3449,yft_5
ptty_3255,yrdb3451,yft_33
ptty_3256,yrdb3452,yft_9
ptty_3257,yrdb3454,yft_19
ptty_3258,yrdb3455,yft_33
ptty_3259,yrdb3456,yft_9
ptty_326,yrdb349,yft_5
ptty_3260,yrdb3457,yft_28
ptty_3263,yrdb3461,yft_33
ptty_3265,yrdb3463,yft_43
ptty_3266,yrdb3464,yft_22
ptty_3267,yrdb3465,yft_6
ptty_3268,yrdb3466,yft_20
ptty_3269,yrdb3466,yft_29
ptty_327,yrdb350,yft_6
ptty_3270,yrdb3467,yft_40
ptty_3271,yrdb3468,yft_18
ptty_3274,yrdb3472,yft_9
ptty_3275,yrdb3473,yft_38
ptty_3276,yrdb3474,yft_25
ptty_3277,yrdb3475,yft_20
ptty_3278,yrdb3475,yft_29
ptty_3279,yrdb3476,yft_14
ptty_328,yrdb351,yft_28
ptty_3280,yrdb3477,yft_24
ptty_3281,yrdb3478,yft_32
ptty_3282,yrdb3479,yft_33
ptty_3283,yrdb3480,yft_9
ptty_3285,yrdb3482,yft_39
ptty_3286,yrdb3483,yft_46
ptty_3287,yrdb3484,yft_21
ptty_3288,yrdb3485,yft_33
ptty_3289,yrdb3486,yft_10
ptty_3290,yrdb3487,yft_43
ptty_3291,yrdb3488,yft_6
ptty_3292,yrdb3489,yft_11
ptty_3296,yrdb3493,yft_15
ptty_3298,yrdb3496,yft_17
ptty_3299,yrdb3496,yft_27
ptty_33,yrdb36,yft_13
ptty_330,yrdb353,yft_20
ptty_3300,yrdb3497,yft_13
ptty_3301,yrdb3498,yft_9
ptty_3302,yrdb3499,yft_44
ptty_3303,yrdb3500,yft_15
ptty_3304,yrdb3501,yft_16
ptty_3305,yrdb3502,yft_46
ptty_3308,yrdb3505,yft_14
ptty_3309,yrdb3506,yft_41
ptty_331,yrdb353,yft_29
ptty_3310,yrdb3507,yft_25
ptty_3311,yrdb3508,yft_6
ptty_3312,yrdb3509,yft_44
ptty_3313,yrdb3510,yft_13
ptty_3314,yrdb3511,yft_14
ptty_3317,yrdb3514,yft_31
ptty_3318,yrdb3515,yft_24
ptty_3319,yrdb3516,yft_33
ptty_3320,yrdb3517,yft_14
ptty_3322,yrdb3519,yft_28
ptty_3324,yrdb3521,yft_31
ptty_3326,yrdb3523,yft_9
ptty_3327,yrdb3525,yft_31
ptty_3328,yrdb3526,yft_15
ptty_3329,yrdb3527,yft_33
ptty_3330,yrdb3528,yft_21
ptty_3331,yrdb3529,yft_6
ptty_3332,yrdb3530,yft_26
ptty_3333,yrdb3531,yft_24
ptty_3334,yrdb3532,yft_5
ptty_3335,yrdb3534,yft_6
ptty_3336,yrdb3535,yft_9
ptty_3337,yrdb3536,yft_24
ptty_3338,yrdb3538,yft_9
ptty_3339,yrdb3539,yft_9
ptty_334,yrdb356,yft_44
ptty_3340,yrdb3541,yft_14
ptty_3342,yrdb3543,yft_13
ptty_3343,yrdb3544,yft_18
ptty_3344,yrdb3545,yft_33
ptty_3346,yrdb3547,yft_13
ptty_3347,yrdb3548,yft_15
ptty_3348,yrdb3549,yft_31
ptty_335,yrdb357,yft_15
ptty_3350,yrdb3552,yft_9
ptty_3351,yrdb3553,yft_13
ptty_3352,yrdb3555,yft_13
ptty_3353,yrdb3556,yft_16
ptty_3354,yrdb3557,yft_33
ptty_3355,yrdb3558,yft_20
ptty_3356,yrdb3558,yft_29
ptty_3357,yrdb3561,yft_17
ptty_3358,yrdb3561,yft_27
ptty_3359,yrdb3562,yft_14
ptty_336,yrdb358,yft_31
ptty_3360,yrdb3563,yft_9
ptty_3361,yrdb3564,yft_9
ptty_3362,yrdb3565,yft_9
ptty_3363,yrdb3566,yft_9
ptty_3364,yrdb3567,yft_9
ptty_3365,yrdb3568,yft_14
ptty_3366,yrdb3569,yft_25
ptty_3367,yrdb3570,yft_13
ptty_3368,yrdb3571,yft_14
ptty_3369,yrdb3572,yft_16
ptty_3370,yrdb3573,yft_16
ptty_3371,yrdb3574,yft_14
ptty_3373,yrdb3578,yft_44
ptty_3374,yrdb3579,yft_45
ptty_3375,yrdb3580,yft_7
ptty_3376,yrdb3580,yft_12
ptty_3377,yrdb3581,yft_6
ptty_3378,yrdb3584,yft_6
ptty_3379,yrdb3585,yft_23
ptty_338,yrdb360,yft_6
ptty_3380,yrdb3586,yft_6
ptty_3381,yrdb3587,yft_6
ptty_3382,yrdb3588,yft_6
ptty_3383,yrdb3589,yft_6
ptty_3384,yrdb3590,yft_6
ptty_3385,yrdb3591,yft_6
ptty_3386,yrdb3593,yft_6
ptty_3387,yrdb3594,yft_11
ptty_3388,yrdb3596,yft_23
ptty_3389,yrdb3597,yft_6
ptty_339,yrdb361,yft_5
ptty_3390,yrdb3598,yft_7
ptty_3391,yrdb3598,yft_12
ptty_3392,yrdb3600,yft_39
ptty_3393,yrdb3601,yft_40
ptty_3396,yrdb3604,yft_11
ptty_3397,yrdb3605,yft_6
ptty_3398,yrdb3606,yft_6
ptty_3399,yrdb3607,yft_44
ptty_34,yrdb37,yft_10
ptty_340,yrdb362,yft_32
ptty_3400,yrdb3608,yft_5
ptty_3401,yrdb3610,yft_7
ptty_3402,yrdb3610,yft_12
ptty_3403,yrdb3611,yft_5
ptty_3404,yrdb3612,yft_6
ptty_3405,yrdb3613,yft_5
ptty_3406,yrdb3614,yft_5
ptty_3407,yrdb3615,yft_5
ptty_3409,yrdb3619,yft_7
ptty_341,yrdb363,yft_6
ptty_3410,yrdb3619,yft_12
ptty_3412,yrdb3622,yft_32
ptty_3413,yrdb3623,yft_32
ptty_3414,yrdb3624,yft_31
ptty_3415,yrdb3625,yft_32
ptty_3416,yrdb3626,yft_32
ptty_3417,yrdb3627,yft_32
ptty_3418,yrdb3628,yft_39
ptty_3419,yrdb3629,yft_31
ptty_342,yrdb364,yft_4
ptty_3420,yrdb3630,yft_14
ptty_3422,yrdb3632,yft_31
ptty_3423,yrdb3633,yft_23
ptty_3425,yrdb3635,yft_40
ptty_3428,yrdb3638,yft_6
ptty_343,yrdb365,yft_2
ptty_3430,yrdb3640,yft_30
ptty_3431,yrdb3641,yft_33
ptty_3435,yrdb3645,yft_6
ptty_3436,yrdb3646,yft_14
ptty_3437,yrdb3647,yft_9
ptty_3438,yrdb3649,yft_6
ptty_3439,yrdb3651,yft_6
ptty_344,yrdb366,yft_6
ptty_3440,yrdb3653,yft_6
ptty_3443,yrdb3656,yft_15
ptty_3447,yrdb3661,yft_8
ptty_345,yrdb367,yft_6
ptty_346,yrdb368,yft_13
ptty_3463,yrdb3678,yft_13
ptty_3466,yrdb3681,yft_13
ptty_3467,yrdb3682,yft_13
ptty_3468,yrdb3683,yft_13
ptty_3469,yrdb3684,yft_25
ptty_347,yrdb369,yft_6
ptty_3470,yrdb3685,yft_32
ptty_3472,yrdb3687,yft_13
ptty_3473,yrdb3688,yft_19
ptty_3474,yrdb3689,yft_13
ptty_3480,yrdb3696,yft_13
ptty_3481,yrdb3697,yft_14
ptty_3482,yrdb3698,yft_15
ptty_3483,yrdb3699,yft_43
ptty_3484,yrdb3700,yft_15
ptty_3485,yrdb3701,yft_15
ptty_3486,yrdb3702,yft_24
ptty_3487,yrdb3703,yft_17
ptty_3488,yrdb3703,yft_27
ptty_3489,yrdb3704,yft_9
ptty_349,yrdb371,yft_9
ptty_3490,yrdb3705,yft_15
ptty_3494,yrdb3710,yft_15
ptty_3495,yrdb3711,yft_18
ptty_3496,yrdb3712,yft_34
ptty_3497,yrdb3713,yft_18
ptty_3498,yrdb3714,yft_24
ptty_3499,yrdb3715,yft_18
ptty_35,yrdb38,yft_20
ptty_3500,yrdb3716,yft_10
ptty_3501,yrdb3717,yft_16
ptty_3502,yrdb3718,yft_24
ptty_3505,yrdb3721,yft_9
ptty_3506,yrdb3722,yft_16
ptty_3507,yrdb3723,yft_19
ptty_3508,yrdb3724,yft_9
ptty_3509,yrdb3725,yft_16
ptty_3511,yrdb3727,yft_39
ptty_3512,yrdb3728,yft_9
ptty_3513,yrdb3729,yft_9
ptty_3514,yrdb3730,yft_33
ptty_3515,yrdb3731,yft_9
ptty_3516,yrdb3732,yft_15
ptty_3517,yrdb3733,yft_30
ptty_3518,yrdb3734,yft_13
ptty_352,yrdb374,yft_8
ptty_3520,yrdb3736,yft_16
ptty_3521,yrdb3737,yft_16
ptty_3522,yrdb3738,yft_13
ptty_3524,yrdb3740,yft_31
ptty_3525,yrdb3741,yft_14
ptty_3526,yrdb3742,yft_19
ptty_3527,yrdb3743,yft_15
ptty_3528,yrdb3744,yft_14
ptty_3529,yrdb3745,yft_15
ptty_353,yrdb375,yft_25
ptty_3530,yrdb3746,yft_14
ptty_3531,yrdb3747,yft_9
ptty_3532,yrdb3748,yft_40
ptty_3534,yrdb3750,yft_24
ptty_3535,yrdb3751,yft_24
ptty_3536,yrdb3752,yft_14
ptty_3537,yrdb3753,yft_13
ptty_3538,yrdb3754,yft_14
ptty_3539,yrdb3755,yft_9
ptty_354,yrdb376,yft_18
ptty_3540,yrdb3756,yft_9
ptty_3541,yrdb3757,yft_14
ptty_3542,yrdb3758,yft_9
ptty_3543,yrdb3759,yft_9
ptty_3544,yrdb3760,yft_9
ptty_3545,yrdb3761,yft_9
ptty_3546,yrdb3762,yft_9
ptty_3547,yrdb3763,yft_9
ptty_3548,yrdb3764,yft_9
ptty_3549,yrdb3765,yft_9
ptty_355,yrdb378,yft_10
ptty_3550,yrdb3766,yft_10
ptty_3552,yrdb3768,yft_8
ptty_3553,yrdb3769,yft_9
ptty_3554,yrdb3770,yft_9
ptty_3555,yrdb3771,yft_9
ptty_3556,yrdb3772,yft_14
ptty_3557,yrdb3773,yft_9
ptty_3558,yrdb3774,yft_19
ptty_3559,yrdb3775,yft_9
ptty_3560,yrdb3776,yft_24
ptty_3561,yrdb3777,yft_9
ptty_3562,yrdb3778,yft_9
ptty_3565,yrdb3781,yft_32
ptty_357,yrdb380,yft_6
ptty_3571,yrdb3787,yft_16
ptty_3572,yrdb3788,yft_23
ptty_3573,yrdb3789,yft_23
ptty_3574,yrdb3790,yft_16
ptty_3575,yrdb3791,yft_16
ptty_3576,yrdb3792,yft_16
ptty_3577,yrdb3793,yft_9
ptty_3578,yrdb3794,yft_16
ptty_3579,yrdb3795,yft_9
ptty_3581,yrdb3797,yft_14
ptty_3582,yrdb3798,yft_9
ptty_359,yrdb382,yft_9
ptty_36,yrdb38,yft_29
ptty_361,yrdb384,yft_14
ptty_362,yrdb385,yft_23
ptty_363,yrdb386,yft_14
ptty_364,yrdb387,yft_14
ptty_365,yrdb388,yft_39
ptty_366,yrdb389,yft_9
ptty_367,yrdb390,yft_6
ptty_369,yrdb393,yft_33
ptty_37,yrdb39,yft_4
ptty_371,yrdb395,yft_30
ptty_372,yrdb396,yft_10
ptty_373,yrdb397,yft_33
ptty_374,yrdb398,yft_13
ptty_376,yrdb401,yft_14
ptty_377,yrdb402,yft_9
ptty_378,yrdb403,yft_19
ptty_379,yrdb404,yft_9
ptty_38,yrdb40,yft_13
ptty_380,yrdb405,yft_5
ptty_381,yrdb406,yft_9
ptty_384,yrdb409,yft_30
ptty_385,yrdb410,yft_19
ptty_386,yrdb411,yft_14
ptty_387,yrdb412,yft_17
ptty_388,yrdb412,yft_27
ptty_389,yrdb413,yft_28
ptty_39,yrdb41,yft_6
ptty_390,yrdb414,yft_5
ptty_391,yrdb415,yft_30
ptty_392,yrdb416,yft_13
ptty_393,yrdb417,yft_14
ptty_396,yrdb420,yft_6
ptty_397,yrdb421,yft_9
ptty_398,yrdb422,yft_10
ptty_399,yrdb423,yft_33
ptty_4,yrdb6,yft_9
ptty_40,yrdb43,yft_6
ptty_400,yrdb424,yft_5
ptty_402,yrdb426,yft_5
ptty_403,yrdb427,yft_13
ptty_404,yrdb428,yft_18
ptty_405,yrdb429,yft_6
ptty_406,yrdb430,yft_32
ptty_407,yrdb431,yft_30
ptty_409,yrdb433,yft_33
ptty_41,yrdb44,yft_33
ptty_411,yrdb435,yft_10
ptty_412,yrdb436,yft_13
ptty_414,yrdb438,yft_34
ptty_415,yrdb442,yft_13
ptty_416,yrdb443,yft_6
ptty_417,yrdb444,yft_30
ptty_419,yrdb446,yft_24
ptty_420,yrdb447,yft_30
ptty_421,yrdb448,yft_23
ptty_422,yrdb449,yft_31
ptty_423,yrdb450,yft_14
ptty_424,yrdb451,yft_9
ptty_425,yrdb452,yft_9
ptty_426,yrdb453,yft_47
ptty_427,yrdb454,yft_24
ptty_428,yrdb455,yft_33
ptty_432,yrdb459,yft_41
ptty_435,yrdb462,yft_47
ptty_438,yrdb465,yft_6
ptty_44,yrdb47,yft_32
ptty_443,yrdb472,yft_42
ptty_444,yrdb473,yft_5
ptty_445,yrdb474,yft_19
ptty_446,yrdb475,yft_15
ptty_448,yrdb478,yft_24
ptty_45,yrdb48,yft_32
ptty_451,yrdb481,yft_14
ptty_452,yrdb482,yft_9
ptty_455,yrdb485,yft_13
ptty_456,yrdb486,yft_14
ptty_457,yrdb487,yft_39
ptty_458,yrdb488,yft_5
ptty_459,yrdb489,yft_48
ptty_460,yrdb490,yft_42
ptty_462,yrdb493,yft_6
ptty_463,yrdb495,yft_6
ptty_464,yrdb496,yft_32
ptty_466,yrdb498,yft_45
ptty_467,yrdb499,yft_11
ptty_469,yrdb502,yft_42
ptty_47,yrdb53,yft_17
ptty_470,yrdb503,yft_17
ptty_471,yrdb503,yft_27
ptty_472,yrdb504,yft_6
ptty_474,yrdb506,yft_16
ptty_475,yrdb507,yft_10
ptty_476,yrdb508,yft_45
ptty_477,yrdb509,yft_14
ptty_478,yrdb510,yft_42
ptty_48,yrdb53,yft_27
ptty_481,yrdb513,yft_5
ptty_482,yrdb514,yft_9
ptty_483,yrdb515,yft_33
ptty_484,yrdb516,yft_40
ptty_487,yrdb519,yft_6
ptty_488,yrdb520,yft_13
ptty_489,yrdb521,yft_9
ptty_49,yrdb54,yft_9
ptty_490,yrdb522,yft_20
ptty_491,yrdb522,yft_29
ptty_492,yrdb523,yft_9
ptty_493,yrdb524,yft_14
ptty_494,yrdb525,yft_9
ptty_495,yrdb526,yft_19
ptty_496,yrdb527,yft_15
ptty_497,yrdb528,yft_9
ptty_498,yrdb529,yft_9
ptty_5,yrdb7,yft_17
ptty_50,yrdb55,yft_13
ptty_500,yrdb531,yft_8
ptty_501,yrdb532,yft_38
ptty_503,yrdb535,yft_13
ptty_505,yrdb537,yft_24
ptty_506,yrdb538,yft_9
ptty_508,yrdb540,yft_24
ptty_51,yrdb56,yft_31
ptty_510,yrdb542,yft_47
ptty_511,yrdb543,yft_9
ptty_512,yrdb544,yft_30
ptty_514,yrdb546,yft_5
ptty_515,yrdb547,yft_5
ptty_516,yrdb548,yft_9
ptty_517,yrdb549,yft_20
ptty_518,yrdb549,yft_29
ptty_52,yrdb57,yft_32
ptty_520,yrdb551,yft_23
ptty_521,yrdb552,yft_33
ptty_522,yrdb553,yft_8
ptty_523,yrdb554,yft_42
ptty_524,yrdb556,yft_6
ptty_525,yrdb559,yft_6
ptty_528,yrdb562,yft_23
ptty_53,yrdb58,yft_9
ptty_530,yrdb564,yft_33
ptty_531,yrdb565,yft_39
ptty_532,yrdb566,yft_20
ptty_533,yrdb566,yft_29
ptty_534,yrdb567,yft_31
ptty_535,yrdb568,yft_30
ptty_537,yrdb570,yft_18
ptty_538,yrdb571,yft_31
ptty_539,yrdb573,yft_9
ptty_54,yrdb59,yft_14
ptty_540,yrdb574,yft_10
ptty_542,yrdb576,yft_25
ptty_543,yrdb577,yft_15
ptty_544,yrdb579,yft_33
ptty_545,yrdb582,yft_5
ptty_546,yrdb583,yft_17
ptty_547,yrdb583,yft_27
ptty_548,yrdb584,yft_33
ptty_549,yrdb585,yft_14
ptty_55,yrdb60,yft_17
ptty_550,yrdb586,yft_2
ptty_551,yrdb587,yft_5
ptty_552,yrdb588,yft_9
ptty_553,yrdb589,yft_34
ptty_554,yrdb590,yft_30
ptty_555,yrdb591,yft_6
ptty_556,yrdb592,yft_9
ptty_557,yrdb593,yft_9
ptty_558,yrdb594,yft_13
ptty_559,yrdb595,yft_9
ptty_56,yrdb60,yft_27
ptty_560,yrdb596,yft_5
ptty_562,yrdb598,yft_25
ptty_564,yrdb600,yft_9
ptty_567,yrdb603,yft_13
ptty_568,yrdb604,yft_33
ptty_569,yrdb606,yft_4
ptty_57,yrdb61,yft_23
ptty_571,yrdb609,yft_45
ptty_572,yrdb610,yft_14
ptty_573,yrdb611,yft_13
ptty_574,yrdb613,yft_6
ptty_576,yrdb615,yft_7
ptty_577,yrdb615,yft_12
ptty_578,yrdb616,yft_24
ptty_58,yrdb62,yft_30
ptty_580,yrdb618,yft_30
ptty_582,yrdb620,yft_33
ptty_583,yrdb621,yft_43
ptty_584,yrdb622,yft_9
ptty_585,yrdb623,yft_15
ptty_586,yrdb624,yft_9
ptty_587,yrdb625,yft_15
ptty_589,yrdb627,yft_14
ptty_592,yrdb630,yft_41
ptty_593,yrdb631,yft_9
ptty_594,yrdb632,yft_14
ptty_595,yrdb633,yft_14
ptty_596,yrdb634,yft_40
ptty_597,yrdb635,yft_33
ptty_598,yrdb636,yft_32
ptty_599,yrdb637,yft_39
ptty_6,yrdb7,yft_27
ptty_60,yrdb64,yft_13
ptty_600,yrdb638,yft_43
ptty_601,yrdb639,yft_40
ptty_604,yrdb642,yft_20
ptty_605,yrdb642,yft_29
ptty_606,yrdb643,yft_9
ptty_607,yrdb645,yft_23
ptty_608,yrdb646,yft_13
ptty_609,yrdb647,yft_9
ptty_61,yrdb66,yft_37
ptty_612,yrdb650,yft_43
ptty_613,yrdb651,yft_13
ptty_614,yrdb652,yft_15
ptty_615,yrdb653,yft_33
ptty_616,yrdb654,yft_31
ptty_617,yrdb656,yft_9
ptty_618,yrdb657,yft_30
ptty_620,yrdb659,yft_33
ptty_621,yrdb660,yft_17
ptty_622,yrdb660,yft_27
ptty_624,yrdb664,yft_13
ptty_625,yrdb665,yft_24
ptty_626,yrdb666,yft_30
ptty_627,yrdb667,yft_9
ptty_628,yrdb668,yft_20
ptty_629,yrdb668,yft_29
ptty_63,yrdb68,yft_24
ptty_630,yrdb669,yft_32
ptty_631,yrdb670,yft_33
ptty_632,yrdb671,yft_15
ptty_633,yrdb672,yft_45
ptty_634,yrdb673,yft_20
ptty_635,yrdb673,yft_29
ptty_636,yrdb674,yft_46
ptty_637,yrdb675,yft_47
ptty_638,yrdb676,yft_24
ptty_640,yrdb678,yft_47
ptty_641,yrdb679,yft_32
ptty_643,yrdb681,yft_15
ptty_644,yrdb682,yft_24
ptty_645,yrdb683,yft_38
ptty_647,yrdb685,yft_6
ptty_648,yrdb686,yft_43
ptty_649,yrdb688,yft_19
ptty_650,yrdb689,yft_7
ptty_651,yrdb689,yft_12
ptty_652,yrdb690,yft_33
ptty_653,yrdb691,yft_15
ptty_654,yrdb692,yft_5
ptty_656,yrdb694,yft_9
ptty_657,yrdb695,yft_6
ptty_658,yrdb697,yft_9
ptty_659,yrdb698,yft_9
ptty_660,yrdb699,yft_15
ptty_661,yrdb700,yft_44
ptty_662,yrdb702,yft_10
ptty_663,yrdb703,yft_20
ptty_664,yrdb703,yft_29
ptty_665,yrdb704,yft_14
ptty_667,yrdb706,yft_17
ptty_668,yrdb706,yft_27
ptty_669,yrdb707,yft_9
ptty_67,yrdb72,yft_9
ptty_671,yrdb709,yft_6
ptty_672,yrdb710,yft_6
ptty_673,yrdb711,yft_31
ptty_675,yrdb713,yft_13
ptty_676,yrdb714,yft_10
ptty_677,yrdb716,yft_6
ptty_678,yrdb717,yft_13
ptty_68,yrdb73,yft_30
ptty_680,yrdb719,yft_17
ptty_681,yrdb719,yft_27
ptty_682,yrdb720,yft_33
ptty_683,yrdb721,yft_39
ptty_684,yrdb722,yft_10
ptty_685,yrdb723,yft_14
ptty_686,yrdb724,yft_13
ptty_687,yrdb725,yft_30
ptty_688,yrdb726,yft_18
ptty_689,yrdb727,yft_6
ptty_69,yrdb74,yft_14
ptty_690,yrdb728,yft_14
ptty_691,yrdb729,yft_9
ptty_692,yrdb731,yft_14
ptty_693,yrdb732,yft_14
ptty_694,yrdb733,yft_14
ptty_695,yrdb734,yft_14
ptty_696,yrdb735,yft_30
ptty_697,yrdb736,yft_46
ptty_698,yrdb737,yft_20
ptty_699,yrdb737,yft_29
ptty_700,yrdb738,yft_15
ptty_701,yrdb739,yft_5
ptty_702,yrdb740,yft_9
ptty_703,yrdb741,yft_31
ptty_704,yrdb742,yft_9
ptty_705,yrdb743,yft_30
ptty_706,yrdb744,yft_9
ptty_707,yrdb745,yft_33
ptty_708,yrdb746,yft_49
ptty_71,yrdb76,yft_7
ptty_710,yrdb748,yft_23
ptty_711,yrdb749,yft_45
ptty_712,yrdb750,yft_33
ptty_713,yrdb751,yft_33
ptty_714,yrdb752,yft_33
ptty_715,yrdb753,yft_9
ptty_718,yrdb756,yft_9
ptty_719,yrdb757,yft_30
ptty_72,yrdb76,yft_12
ptty_721,yrdb759,yft_6
ptty_722,yrdb760,yft_20
ptty_723,yrdb760,yft_29
ptty_724,yrdb761,yft_33
ptty_726,yrdb763,yft_39
ptty_727,yrdb764,yft_5
ptty_729,yrdb766,yft_6
ptty_73,yrdb77,yft_14
ptty_730,yrdb768,yft_33
ptty_731,yrdb769,yft_49
ptty_732,yrdb771,yft_9
ptty_734,yrdb773,yft_9
ptty_735,yrdb774,yft_14
ptty_737,yrdb778,yft_24
ptty_739,yrdb780,yft_9
ptty_74,yrdb78,yft_18
ptty_740,yrdb781,yft_6
ptty_741,yrdb782,yft_26
ptty_742,yrdb783,yft_17
ptty_743,yrdb783,yft_27
ptty_745,yrdb786,yft_14
ptty_746,yrdb787,yft_5
ptty_747,yrdb788,yft_6
ptty_749,yrdb790,yft_14
ptty_75,yrdb79,yft_9
ptty_750,yrdb791,yft_10
ptty_751,yrdb792,yft_13
ptty_752,yrdb793,yft_6
ptty_753,yrdb794,yft_14
ptty_754,yrdb795,yft_14
ptty_756,yrdb797,yft_6
ptty_759,yrdb802,yft_24
ptty_76,yrdb80,yft_7
ptty_760,yrdb803,yft_9
ptty_761,yrdb804,yft_13
ptty_762,yrdb805,yft_14
ptty_763,yrdb806,yft_14
ptty_764,yrdb807,yft_30
ptty_765,yrdb808,yft_20
ptty_766,yrdb808,yft_29
ptty_767,yrdb809,yft_9
ptty_768,yrdb810,yft_9
ptty_769,yrdb811,yft_9
ptty_77,yrdb80,yft_12
ptty_770,yrdb812,yft_3
ptty_771,yrdb813,yft_15
ptty_772,yrdb814,yft_6
ptty_773,yrdb815,yft_9
ptty_775,yrdb817,yft_13
ptty_776,yrdb818,yft_14
ptty_777,yrdb819,yft_14
ptty_778,yrdb820,yft_22
ptty_779,yrdb821,yft_13
ptty_781,yrdb823,yft_33
ptty_782,yrdb824,yft_26
ptty_783,yrdb826,yft_6
ptty_784,yrdb827,yft_14
ptty_785,yrdb828,yft_30
ptty_786,yrdb829,yft_39
ptty_787,yrdb830,yft_5
ptty_789,yrdb832,yft_13
ptty_79,yrdb82,yft_6
ptty_790,yrdb833,yft_9
ptty_791,yrdb834,yft_9
ptty_792,yrdb835,yft_14
ptty_793,yrdb836,yft_9
ptty_794,yrdb837,yft_14
ptty_796,yrdb839,yft_20
ptty_797,yrdb839,yft_29
ptty_80,yrdb83,yft_41
ptty_800,yrdb842,yft_17
ptty_801,yrdb842,yft_27
ptty_802,yrdb844,yft_19
ptty_803,yrdb845,yft_9
ptty_807,yrdb849,yft_28
ptty_808,yrdb851,yft_6
ptty_809,yrdb852,yft_6
ptty_811,yrdb854,yft_14
ptty_813,yrdb856,yft_5
ptty_817,yrdb860,yft_9
ptty_818,yrdb861,yft_18
ptty_819,yrdb862,yft_11
ptty_82,yrdb86,yft_15
ptty_820,yrdb863,yft_33
ptty_821,yrdb864,yft_5
ptty_822,yrdb865,yft_33
ptty_823,yrdb866,yft_6
ptty_825,yrdb868,yft_5
ptty_826,yrdb869,yft_25
ptty_827,yrdb870,yft_14
ptty_829,yrdb873,yft_19
ptty_83,yrdb87,yft_33
ptty_830,yrdb874,yft_9
ptty_833,yrdb877,yft_18
ptty_835,yrdb879,yft_14
ptty_836,yrdb880,yft_9
ptty_837,yrdb881,yft_9
ptty_838,yrdb882,yft_47
ptty_839,yrdb883,yft_5
ptty_84,yrdb88,yft_9
ptty_840,yrdb884,yft_6
ptty_841,yrdb885,yft_13
ptty_842,yrdb886,yft_38
ptty_845,yrdb893,yft_41
ptty_847,yrdb895,yft_14
ptty_848,yrdb896,yft_14
ptty_849,yrdb897,yft_45
ptty_85,yrdb89,yft_9
ptty_850,yrdb898,yft_6
ptty_851,yrdb899,yft_14
ptty_852,yrdb900,yft_30
ptty_853,yrdb901,yft_33
ptty_854,yrdb902,yft_45
ptty_856,yrdb904,yft_23
ptty_858,yrdb906,yft_15
ptty_86,yrdb90,yft_30
ptty_860,yrdb908,yft_14
ptty_862,yrdb910,yft_41
ptty_864,yrdb912,yft_33
ptty_865,yrdb913,yft_33
ptty_866,yrdb914,yft_47
ptty_867,yrdb915,yft_33
ptty_869,yrdb917,yft_33
ptty_87,yrdb91,yft_39
ptty_870,yrdb919,yft_44
ptty_871,yrdb920,yft_10
ptty_873,yrdb922,yft_33
ptty_874,yrdb923,yft_9
ptty_875,yrdb924,yft_8
ptty_876,yrdb925,yft_9
ptty_877,yrdb926,yft_9
ptty_878,yrdb927,yft_32
ptty_88,yrdb92,yft_14
ptty_880,yrdb929,yft_3
ptty_881,yrdb930,yft_2
ptty_882,yrdb931,yft_6
ptty_883,yrdb932,yft_11
ptty_884,yrdb933,yft_9
ptty_885,yrdb934,yft_9
ptty_886,yrdb935,yft_11
ptty_887,yrdb936,yft_3
ptty_888,yrdb937,yft_9
ptty_889,yrdb938,yft_6
ptty_89,yrdb93,yft_9
ptty_890,yrdb939,yft_6
ptty_891,yrdb940,yft_38
ptty_892,yrdb941,yft_33
ptty_893,yrdb942,yft_10
ptty_894,yrdb943,yft_37
ptty_895,yrdb944,yft_5
ptty_896,yrdb945,yft_43
ptty_897,yrdb946,yft_9
ptty_898,yrdb947,yft_5
ptty_899,yrdb948,yft_30
ptty_900,yrdb949,yft_5
ptty_903,yrdb952,yft_13
ptty_904,yrdb953,yft_5
ptty_905,yrdb954,yft_15
ptty_906,yrdb955,yft_9
ptty_907,yrdb956,yft_31
ptty_908,yrdb957,yft_33
ptty_909,yrdb958,yft_9
ptty_91,yrdb95,yft_6
ptty_910,yrdb959,yft_45
ptty_911,yrdb960,yft_20
ptty_912,yrdb960,yft_29
ptty_913,yrdb961,yft_14
ptty_914,yrdb962,yft_9
ptty_915,yrdb963,yft_33
ptty_917,yrdb965,yft_46
ptty_918,yrdb966,yft_9
ptty_920,yrdb968,yft_6
ptty_921,yrdb969,yft_36
ptty_922,yrdb971,yft_15
ptty_923,yrdb972,yft_20
ptty_924,yrdb972,yft_29
ptty_925,yrdb973,yft_13
ptty_928,yrdb976,yft_6
ptty_929,yrdb977,yft_9
ptty_931,yrdb979,yft_19
ptty_932,yrdb980,yft_17
ptty_933,yrdb980,yft_27
ptty_934,yrdb981,yft_35
ptty_935,yrdb982,yft_31
ptty_937,yrdb984,yft_47
ptty_938,yrdb985,yft_24
ptty_939,yrdb986,yft_18
ptty_940,yrdb987,yft_14
ptty_941,yrdb988,yft_9
ptty_942,yrdb989,yft_19
ptty_943,yrdb990,yft_14
ptty_944,yrdb991,yft_46
ptty_945,yrdb992,yft_5
ptty_946,yrdb993,yft_14
ptty_947,yrdb994,yft_9
ptty_948,yrdb995,yft_14
ptty_951,yrdb998,yft_15
ptty_952,yrdb999,yft_42
ptty_954,yrdb1001,yft_6
ptty_955,yrdb1002,yft_6
ptty_957,yrdb1004,yft_14
ptty_958,yrdb1005,yft_9
ptty_959,yrdb1006,yft_9
ptty_96,yrdb100,yft_13
ptty_960,yrdb1007,yft_9
ptty_963,yrdb1010,yft_15
ptty_964,yrdb1011,yft_14
ptty_965,yrdb1013,yft_18
ptty_966,yrdb1014,yft_19
ptty_968,yrdb1016,yft_14
ptty_97,yrdb101,yft_13
ptty_971,yrdb1019,yft_13
ptty_972,yrdb1020,yft_6
ptty_973,yrdb1021,yft_22
ptty_978,yrdb1028,yft_5
ptty_979,yrdb1029,yft_13
ptty_98,yrdb102,yft_10
ptty_980,yrdb1030,yft_5
ptty_981,yrdb1031,yft_20
ptty_982,yrdb1031,yft_29
ptty_985,yrdb1034,yft_9
ptty_986,yrdb1035,yft_13
ptty_987,yrdb1036,yft_45
ptty_988,yrdb1037,yft_31
ptty_99,yrdb103,yft_9
ptty_990,yrdb1039,yft_30
ptty_991,yrdb1040,yft_18
ptty_992,yrdb1041,yft_17
ptty_993,yrdb1041,yft_27
ptty_994,yrdb1042,yft_7
ptty_995,yrdb1042,yft_12
ptty_996,yrdb1043,yft_48
ptty_998,yrdb1045,yft_48
