yrdb_id,ft_id
yrdb1,yft_9
yrdb2,yft_32
yrdb3,yft_10
yrdb6,yft_9
yrdb7,yft_17
yrdb7,yft_27
yrdb8,
yrdb9,
yrdb10,
yrdb11,yft_45
yrdb12,yft_2
yrdb13,yft_7
yrdb13,yft_12
yrdb14,yft_2
yrdb16,yft_4
yrdb17,yft_9
yrdb18,yft_6
yrdb20,
yrdb21,yft_2
yrdb22,yft_13
yrdb23,yft_9
yrdb24,yft_6
yrdb25,yft_4
yrdb26,yft_17
yrdb26,yft_27
yrdb27,yft_14
yrdb28,
yrdb29,yft_9
yrdb30,
yrdb31,yft_9
yrdb32,
yrdb34,yft_6
yrdb36,yft_13
yrdb37,yft_10
yrdb38,yft_20
yrdb38,yft_29
yrdb39,yft_4
yrdb40,yft_13
yrdb41,yft_6
yrdb43,yft_6
yrdb44,yft_33
yrdb45,
yrdb46,
yrdb47,yft_32
yrdb48,yft_32
yrdb49,
yrdb53,yft_17
yrdb53,yft_27
yrdb54,yft_9
yrdb55,yft_13
yrdb56,yft_31
yrdb57,yft_32
yrdb58,yft_9
yrdb59,yft_14
yrdb60,yft_17
yrdb60,yft_27
yrdb61,yft_23
yrdb62,yft_30
yrdb63,
yrdb64,yft_13
yrdb66,yft_37
yrdb67,
yrdb68,yft_24
yrdb69,
yrdb70,
yrdb71,
yrdb72,yft_9
yrdb73,yft_30
yrdb74,yft_14
yrdb75,
yrdb76,yft_7
yrdb76,yft_12
yrdb77,yft_14
yrdb78,yft_18
yrdb79,yft_9
yrdb80,yft_7
yrdb80,yft_12
yrdb81,
yrdb82,yft_6
yrdb83,yft_41
yrdb84,
yrdb86,yft_15
yrdb87,yft_33
yrdb88,yft_9
yrdb89,yft_9
yrdb90,yft_30
yrdb91,yft_39
yrdb92,yft_14
yrdb93,yft_9
yrdb94,
yrdb95,yft_6
yrdb96,
yrdb97,
yrdb98,
yrdb99,
yrdb100,yft_13
yrdb101,yft_13
yrdb102,yft_10
yrdb103,yft_9
yrdb104,yft_32
yrdb105,
yrdb107,
yrdb108,
yrdb109,yft_16
yrdb110,
yrdb111,yft_14
yrdb112,yft_14
yrdb113,
yrdb115,yft_14
yrdb116,
yrdb117,yft_17
yrdb117,yft_27
yrdb118,
yrdb119,
yrdb120,yft_33
yrdb121,yft_20
yrdb121,yft_29
yrdb122,yft_39
yrdb123,yft_14
yrdb124,
yrdb125,
yrdb127,
yrdb128,yft_6
yrdb129,yft_15
yrdb130,yft_9
yrdb131,yft_48
yrdb133,yft_6
yrdb134,yft_4
yrdb135,yft_30
yrdb136,
yrdb138,yft_18
yrdb139,yft_6
yrdb141,
yrdb142,yft_6
yrdb143,
yrdb144,
yrdb145,
yrdb146,yft_13
yrdb148,yft_31
yrdb149,yft_9
yrdb150,yft_33
yrdb151,
yrdb152,yft_33
yrdb153,
yrdb154,
yrdb155,yft_7
yrdb155,yft_12
yrdb156,yft_26
yrdb157,yft_4
yrdb158,yft_5
yrdb159,yft_9
yrdb160,yft_15
yrdb161,yft_14
yrdb162,
yrdb163,
yrdb164,
yrdb166,yft_6
yrdb167,yft_2
yrdb168,yft_5
yrdb169,yft_6
yrdb171,yft_9
yrdb172,yft_14
yrdb173,yft_3
yrdb174,yft_6
yrdb175,
yrdb176,
yrdb178,yft_49
yrdb179,yft_6
yrdb180,yft_34
yrdb181,yft_10
yrdb182,yft_9
yrdb183,yft_9
yrdb184,yft_10
yrdb185,yft_33
yrdb186,yft_14
yrdb187,yft_30
yrdb188,yft_9
yrdb189,yft_9
yrdb190,yft_14
yrdb191,yft_14
yrdb192,yft_15
yrdb193,yft_4
yrdb194,
yrdb195,
yrdb196,yft_30
yrdb197,yft_25
yrdb198,yft_9
yrdb199,yft_5
yrdb200,yft_6
yrdb201,yft_4
yrdb202,
yrdb203,yft_31
yrdb205,yft_15
yrdb207,
yrdb208,
yrdb209,yft_32
yrdb210,yft_25
yrdb211,
yrdb212,yft_33
yrdb213,yft_33
yrdb214,yft_33
yrdb215,yft_30
yrdb216,
yrdb217,yft_30
yrdb218,yft_24
yrdb219,yft_10
yrdb220,
yrdb221,yft_10
yrdb222,
yrdb223,
yrdb224,yft_5
yrdb225,yft_2
yrdb226,yft_14
yrdb227,yft_14
yrdb228,yft_34
yrdb230,
yrdb231,yft_24
yrdb232,yft_25
yrdb233,
yrdb234,
yrdb235,yft_24
yrdb236,yft_8
yrdb237,
yrdb239,yft_9
yrdb240,
yrdb241,yft_10
yrdb242,
yrdb243,yft_9
yrdb244,yft_11
yrdb245,yft_13
yrdb246,
yrdb248,yft_49
yrdb249,
yrdb251,
yrdb252,yft_33
yrdb254,yft_31
yrdb255,yft_17
yrdb255,yft_27
yrdb256,yft_33
yrdb257,yft_14
yrdb258,
yrdb259,yft_7
yrdb259,yft_12
yrdb260,yft_32
yrdb261,yft_14
yrdb262,yft_14
yrdb263,yft_9
yrdb264,yft_9
yrdb265,
yrdb266,yft_39
yrdb267,yft_9
yrdb268,yft_14
yrdb269,yft_14
yrdb270,yft_33
yrdb271,yft_14
yrdb272,yft_47
yrdb273,yft_14
yrdb274,yft_14
yrdb275,yft_17
yrdb275,yft_27
yrdb276,yft_16
yrdb277,yft_14
yrdb278,yft_14
yrdb279,yft_42
yrdb280,yft_9
yrdb281,
yrdb282,yft_14
yrdb283,yft_16
yrdb284,yft_35
yrdb285,
yrdb286,
yrdb288,yft_14
yrdb289,yft_25
yrdb290,
yrdb291,yft_5
yrdb292,
yrdb293,yft_40
yrdb295,yft_25
yrdb296,yft_15
yrdb297,yft_43
yrdb298,yft_31
yrdb299,yft_5
yrdb300,
yrdb302,yft_13
yrdb303,
yrdb305,yft_30
yrdb306,yft_6
yrdb308,yft_33
yrdb309,yft_30
yrdb310,
yrdb311,yft_5
yrdb312,yft_6
yrdb313,yft_33
yrdb314,
yrdb315,yft_2
yrdb316,yft_24
yrdb317,yft_15
yrdb318,yft_5
yrdb319,yft_6
yrdb320,yft_14
yrdb322,yft_21
yrdb323,
yrdb325,yft_17
yrdb325,yft_27
yrdb326,yft_13
yrdb327,yft_2
yrdb328,yft_10
yrdb330,yft_14
yrdb331,yft_24
yrdb332,yft_44
yrdb333,yft_11
yrdb334,yft_24
yrdb335,
yrdb336,yft_32
yrdb337,yft_10
yrdb338,
yrdb339,
yrdb340,yft_5
yrdb341,yft_4
yrdb342,
yrdb343,yft_10
yrdb345,
yrdb346,
yrdb347,yft_9
yrdb348,
yrdb349,yft_5
yrdb350,yft_6
yrdb351,yft_28
yrdb352,
yrdb353,yft_20
yrdb353,yft_29
yrdb354,
yrdb355,
yrdb356,yft_44
yrdb357,yft_15
yrdb358,yft_31
yrdb359,
yrdb360,yft_6
yrdb361,yft_5
yrdb362,yft_32
yrdb363,yft_6
yrdb364,yft_4
yrdb365,yft_2
yrdb366,yft_6
yrdb367,yft_6
yrdb368,yft_13
yrdb369,yft_6
yrdb370,
yrdb371,yft_9
yrdb372,
yrdb373,
yrdb374,yft_8
yrdb375,yft_25
yrdb376,yft_18
yrdb378,yft_10
yrdb379,
yrdb380,yft_6
yrdb381,
yrdb382,yft_9
yrdb383,
yrdb384,yft_14
yrdb385,yft_23
yrdb386,yft_14
yrdb387,yft_14
yrdb388,yft_39
yrdb389,yft_9
yrdb390,yft_6
yrdb392,
yrdb393,yft_33
yrdb394,
yrdb395,yft_30
yrdb396,yft_10
yrdb397,yft_33
yrdb398,yft_13
yrdb400,
yrdb401,yft_14
yrdb402,yft_9
yrdb403,yft_19
yrdb404,yft_9
yrdb405,yft_5
yrdb406,yft_9
yrdb407,
yrdb408,
yrdb409,yft_30
yrdb410,yft_19
yrdb411,yft_14
yrdb412,yft_17
yrdb412,yft_27
yrdb413,yft_28
yrdb414,yft_5
yrdb415,yft_30
yrdb416,yft_13
yrdb417,yft_14
yrdb418,
yrdb419,
yrdb420,yft_6
yrdb421,yft_9
yrdb422,yft_10
yrdb423,yft_33
yrdb424,yft_5
yrdb425,
yrdb426,yft_5
yrdb427,yft_13
yrdb428,yft_18
yrdb429,yft_6
yrdb430,yft_32
yrdb431,yft_30
yrdb432,
yrdb433,yft_33
yrdb434,
yrdb435,yft_10
yrdb436,yft_13
yrdb437,
yrdb438,yft_34
yrdb442,yft_13
yrdb443,yft_6
yrdb444,yft_30
yrdb445,
yrdb446,yft_24
yrdb447,yft_30
yrdb448,yft_23
yrdb449,yft_31
yrdb450,yft_14
yrdb451,yft_9
yrdb452,yft_9
yrdb453,yft_47
yrdb454,yft_24
yrdb455,yft_33
yrdb456,
yrdb457,
yrdb458,
yrdb459,yft_41
yrdb460,
yrdb461,
yrdb462,yft_47
yrdb463,
yrdb464,
yrdb465,yft_6
yrdb466,
yrdb469,
yrdb470,
yrdb471,
yrdb472,yft_42
yrdb473,yft_5
yrdb474,yft_19
yrdb475,yft_15
yrdb477,
yrdb478,yft_24
yrdb479,
yrdb480,
yrdb481,yft_14
yrdb482,yft_9
yrdb483,
yrdb484,
yrdb485,yft_13
yrdb486,yft_14
yrdb487,yft_39
yrdb488,yft_5
yrdb489,yft_48
yrdb490,yft_42
yrdb491,
yrdb493,yft_6
yrdb495,yft_6
yrdb496,yft_32
yrdb497,
yrdb498,yft_45
yrdb499,yft_11
yrdb501,
yrdb502,yft_42
yrdb503,yft_17
yrdb503,yft_27
yrdb504,yft_6
yrdb505,
yrdb506,yft_16
yrdb507,yft_10
yrdb508,yft_45
yrdb509,yft_14
yrdb510,yft_42
yrdb511,
yrdb512,
yrdb513,yft_5
yrdb514,yft_9
yrdb515,yft_33
yrdb516,yft_40
yrdb517,
yrdb518,
yrdb519,yft_6
yrdb520,yft_13
yrdb521,yft_9
yrdb522,yft_20
yrdb522,yft_29
yrdb523,yft_9
yrdb524,yft_14
yrdb525,yft_9
yrdb526,yft_19
yrdb527,yft_15
yrdb528,yft_9
yrdb529,yft_9
yrdb530,
yrdb531,yft_8
yrdb532,yft_38
yrdb534,
yrdb535,yft_13
yrdb536,
yrdb537,yft_24
yrdb538,yft_9
yrdb539,
yrdb540,yft_24
yrdb541,
yrdb542,yft_47
yrdb543,yft_9
yrdb544,yft_30
yrdb545,
yrdb546,yft_5
yrdb547,yft_5
yrdb548,yft_9
yrdb549,yft_20
yrdb549,yft_29
yrdb550,
yrdb551,yft_23
yrdb552,yft_33
yrdb553,yft_8
yrdb554,yft_42
yrdb556,yft_6
yrdb559,yft_6
yrdb560,
yrdb561,
yrdb562,yft_23
yrdb563,
yrdb564,yft_33
yrdb565,yft_39
yrdb566,yft_20
yrdb566,yft_29
yrdb567,yft_31
yrdb568,yft_30
yrdb569,
yrdb570,yft_18
yrdb571,yft_31
yrdb573,yft_9
yrdb574,yft_10
yrdb575,
yrdb576,yft_25
yrdb577,yft_15
yrdb579,yft_33
yrdb582,yft_5
yrdb583,yft_17
yrdb583,yft_27
yrdb584,yft_33
yrdb585,yft_14
yrdb586,yft_2
yrdb587,yft_5
yrdb588,yft_9
yrdb589,yft_34
yrdb590,yft_30
yrdb591,yft_6
yrdb592,yft_9
yrdb593,yft_9
yrdb594,yft_13
yrdb595,yft_9
yrdb596,yft_5
yrdb597,
yrdb598,yft_25
yrdb599,
yrdb600,yft_9
yrdb601,
yrdb602,
yrdb603,yft_13
yrdb604,yft_33
yrdb606,yft_4
yrdb608,
yrdb609,yft_45
yrdb610,yft_14
yrdb611,yft_13
yrdb613,yft_6
yrdb614,
yrdb615,yft_7
yrdb615,yft_12
yrdb616,yft_24
yrdb617,
yrdb618,yft_30
yrdb619,
yrdb620,yft_33
yrdb621,yft_43
yrdb622,yft_9
yrdb623,yft_15
yrdb624,yft_9
yrdb625,yft_15
yrdb626,
yrdb627,yft_14
yrdb628,
yrdb629,
yrdb630,yft_41
yrdb631,yft_9
yrdb632,yft_14
yrdb633,yft_14
yrdb634,yft_40
yrdb635,yft_33
yrdb636,yft_32
yrdb637,yft_39
yrdb638,yft_43
yrdb639,yft_40
yrdb640,
yrdb641,
yrdb642,yft_20
yrdb642,yft_29
yrdb643,yft_9
yrdb645,yft_23
yrdb646,yft_13
yrdb647,yft_9
yrdb648,
yrdb649,
yrdb650,yft_43
yrdb651,yft_13
yrdb652,yft_15
yrdb653,yft_33
yrdb654,yft_31
yrdb656,yft_9
yrdb657,yft_30
yrdb658,
yrdb659,yft_33
yrdb660,yft_17
yrdb660,yft_27
yrdb661,
yrdb664,yft_13
yrdb665,yft_24
yrdb666,yft_30
yrdb667,yft_9
yrdb668,yft_20
yrdb668,yft_29
yrdb669,yft_32
yrdb670,yft_33
yrdb671,yft_15
yrdb672,yft_45
yrdb673,yft_20
yrdb673,yft_29
yrdb674,yft_46
yrdb675,yft_47
yrdb676,yft_24
yrdb677,
yrdb678,yft_47
yrdb679,yft_32
yrdb680,
yrdb681,yft_15
yrdb682,yft_24
yrdb683,yft_38
yrdb684,
yrdb685,yft_6
yrdb686,yft_43
yrdb688,yft_19
yrdb689,yft_7
yrdb689,yft_12
yrdb690,yft_33
yrdb691,yft_15
yrdb692,yft_5
yrdb693,
yrdb694,yft_9
yrdb695,yft_6
yrdb697,yft_9
yrdb698,yft_9
yrdb699,yft_15
yrdb700,yft_44
yrdb702,yft_10
yrdb703,yft_20
yrdb703,yft_29
yrdb704,yft_14
yrdb705,
yrdb706,yft_17
yrdb706,yft_27
yrdb707,yft_9
yrdb708,
yrdb709,yft_6
yrdb710,yft_6
yrdb711,yft_31
yrdb712,
yrdb713,yft_13
yrdb714,yft_10
yrdb716,yft_6
yrdb717,yft_13
yrdb718,
yrdb719,yft_17
yrdb719,yft_27
yrdb720,yft_33
yrdb721,yft_39
yrdb722,yft_10
yrdb723,yft_14
yrdb724,yft_13
yrdb725,yft_30
yrdb726,yft_18
yrdb727,yft_6
yrdb728,yft_14
yrdb729,yft_9
yrdb731,yft_14
yrdb732,yft_14
yrdb733,yft_14
yrdb734,yft_14
yrdb735,yft_30
yrdb736,yft_46
yrdb737,yft_20
yrdb737,yft_29
yrdb738,yft_15
yrdb739,yft_5
yrdb740,yft_9
yrdb741,yft_31
yrdb742,yft_9
yrdb743,yft_30
yrdb744,yft_9
yrdb745,yft_33
yrdb746,yft_49
yrdb747,
yrdb748,yft_23
yrdb749,yft_45
yrdb750,yft_33
yrdb751,yft_33
yrdb752,yft_33
yrdb753,yft_9
yrdb754,
yrdb755,
yrdb756,yft_9
yrdb757,yft_30
yrdb758,
yrdb759,yft_6
yrdb760,yft_20
yrdb760,yft_29
yrdb761,yft_33
yrdb762,
yrdb763,yft_39
yrdb764,yft_5
yrdb765,
yrdb766,yft_6
yrdb768,yft_33
yrdb769,yft_49
yrdb771,yft_9
yrdb772,
yrdb773,yft_9
yrdb774,yft_14
yrdb775,
yrdb778,yft_24
yrdb779,
yrdb780,yft_9
yrdb781,yft_6
yrdb782,yft_26
yrdb783,yft_17
yrdb783,yft_27
yrdb784,
yrdb786,yft_14
yrdb787,yft_5
yrdb788,yft_6
yrdb789,
yrdb790,yft_14
yrdb791,yft_10
yrdb792,yft_13
yrdb793,yft_6
yrdb794,yft_14
yrdb795,yft_14
yrdb796,
yrdb797,yft_6
yrdb800,
yrdb801,
yrdb802,yft_24
yrdb803,yft_9
yrdb804,yft_13
yrdb805,yft_14
yrdb806,yft_14
yrdb807,yft_30
yrdb808,yft_20
yrdb808,yft_29
yrdb809,yft_9
yrdb810,yft_9
yrdb811,yft_9
yrdb812,yft_3
yrdb813,yft_15
yrdb814,yft_6
yrdb815,yft_9
yrdb816,
yrdb817,yft_13
yrdb818,yft_14
yrdb819,yft_14
yrdb820,yft_22
yrdb821,yft_13
yrdb822,
yrdb823,yft_33
yrdb824,yft_26
yrdb826,yft_6
yrdb827,yft_14
yrdb828,yft_30
yrdb829,yft_39
yrdb830,yft_5
yrdb831,
yrdb832,yft_13
yrdb833,yft_9
yrdb834,yft_9
yrdb835,yft_14
yrdb836,yft_9
yrdb837,yft_14
yrdb838,
yrdb839,yft_20
yrdb839,yft_29
yrdb840,
yrdb841,
yrdb842,yft_17
yrdb842,yft_27
yrdb844,yft_19
yrdb845,yft_9
yrdb846,
yrdb847,
yrdb848,
yrdb849,yft_28
yrdb851,yft_6
yrdb852,yft_6
yrdb853,
yrdb854,yft_14
yrdb855,
yrdb856,yft_5
yrdb857,
yrdb858,
yrdb859,
yrdb860,yft_9
yrdb861,yft_18
yrdb862,yft_11
yrdb863,yft_33
yrdb864,yft_5
yrdb865,yft_33
yrdb866,yft_6
yrdb867,
yrdb868,yft_5
yrdb869,yft_25
yrdb870,yft_14
yrdb871,
yrdb873,yft_19
yrdb874,yft_9
yrdb875,
yrdb876,
yrdb877,yft_18
yrdb878,
yrdb879,yft_14
yrdb880,yft_9
yrdb881,yft_9
yrdb882,yft_47
yrdb883,yft_5
yrdb884,yft_6
yrdb885,yft_13
yrdb886,yft_38
yrdb889,
yrdb892,
yrdb893,yft_41
yrdb894,
yrdb895,yft_14
yrdb896,yft_14
yrdb897,yft_45
yrdb898,yft_6
yrdb899,yft_14
yrdb900,yft_30
yrdb901,yft_33
yrdb902,yft_45
yrdb903,
yrdb904,yft_23
yrdb905,
yrdb906,yft_15
yrdb907,
yrdb908,yft_14
yrdb909,
yrdb910,yft_41
yrdb911,
yrdb912,yft_33
yrdb913,yft_33
yrdb914,yft_47
yrdb915,yft_33
yrdb916,
yrdb917,yft_33
yrdb919,yft_44
yrdb920,yft_10
yrdb921,
yrdb922,yft_33
yrdb923,yft_9
yrdb924,yft_8
yrdb925,yft_9
yrdb926,yft_9
yrdb927,yft_32
yrdb928,
yrdb929,yft_3
yrdb930,yft_2
yrdb931,yft_6
yrdb932,yft_11
yrdb933,yft_9
yrdb934,yft_9
yrdb935,yft_11
yrdb936,yft_3
yrdb937,yft_9
yrdb938,yft_6
yrdb939,yft_6
yrdb940,yft_38
yrdb941,yft_33
yrdb942,yft_10
yrdb943,yft_37
yrdb944,yft_5
yrdb945,yft_43
yrdb946,yft_9
yrdb947,yft_5
yrdb948,yft_30
yrdb949,yft_5
yrdb950,
yrdb951,
yrdb952,yft_13
yrdb953,yft_5
yrdb954,yft_15
yrdb955,yft_9
yrdb956,yft_31
yrdb957,yft_33
yrdb958,yft_9
yrdb959,yft_45
yrdb960,yft_20
yrdb960,yft_29
yrdb961,yft_14
yrdb962,yft_9
yrdb963,yft_33
yrdb964,
yrdb965,yft_46
yrdb966,yft_9
yrdb967,
yrdb968,yft_6
yrdb969,yft_36
yrdb971,yft_15
yrdb972,yft_20
yrdb972,yft_29
yrdb973,yft_13
yrdb974,
yrdb975,
yrdb976,yft_6
yrdb977,yft_9
yrdb978,
yrdb979,yft_19
yrdb980,yft_17
yrdb980,yft_27
yrdb981,yft_35
yrdb982,yft_31
yrdb983,
yrdb984,yft_47
yrdb985,yft_24
yrdb986,yft_18
yrdb987,yft_14
yrdb988,yft_9
yrdb989,yft_19
yrdb990,yft_14
yrdb991,yft_46
yrdb992,yft_5
yrdb993,yft_14
yrdb994,yft_9
yrdb995,yft_14
yrdb996,
yrdb997,
yrdb998,yft_15
yrdb999,yft_42
yrdb1000,
yrdb1001,yft_6
yrdb1002,yft_6
yrdb1003,
yrdb1004,yft_14
yrdb1005,yft_9
yrdb1006,yft_9
yrdb1007,yft_9
yrdb1008,
yrdb1009,
yrdb1010,yft_15
yrdb1011,yft_14
yrdb1013,yft_18
yrdb1014,yft_19
yrdb1015,
yrdb1016,yft_14
yrdb1017,
yrdb1018,
yrdb1019,yft_13
yrdb1020,yft_6
yrdb1021,yft_22
yrdb1022,
yrdb1023,
yrdb1025,
yrdb1027,
yrdb1028,yft_5
yrdb1029,yft_13
yrdb1030,yft_5
yrdb1031,yft_20
yrdb1031,yft_29
yrdb1032,
yrdb1033,
yrdb1034,yft_9
yrdb1035,yft_13
yrdb1036,yft_45
yrdb1037,yft_31
yrdb1038,
yrdb1039,yft_30
yrdb1040,yft_18
yrdb1041,yft_17
yrdb1041,yft_27
yrdb1042,yft_7
yrdb1042,yft_12
yrdb1043,yft_48
yrdb1044,
yrdb1045,yft_48
yrdb1046,
yrdb1047,
yrdb1048,yft_2
yrdb1049,yft_5
yrdb1050,
yrdb1051,
yrdb1052,yft_6
yrdb1053,yft_5
yrdb1054,yft_18
yrdb1055,yft_13
yrdb1056,yft_4
yrdb1057,yft_9
yrdb1058,yft_20
yrdb1058,yft_29
yrdb1059,
yrdb1060,
yrdb1061,yft_42
yrdb1062,yft_9
yrdb1063,yft_9
yrdb1064,yft_39
yrdb1065,yft_33
yrdb1066,yft_9
yrdb1067,yft_17
yrdb1067,yft_27
yrdb1068,yft_24
yrdb1069,
yrdb1070,yft_9
yrdb1071,yft_5
yrdb1072,
yrdb1073,yft_2
yrdb1074,yft_9
yrdb1075,yft_13
yrdb1076,yft_5
yrdb1077,yft_15
yrdb1078,yft_6
yrdb1079,yft_33
yrdb1080,yft_13
yrdb1081,yft_14
yrdb1082,yft_30
yrdb1083,yft_4
yrdb1084,yft_21
yrdb1085,yft_13
yrdb1086,
yrdb1088,yft_6
yrdb1089,yft_4
yrdb1090,yft_5
yrdb1091,yft_14
yrdb1092,yft_24
yrdb1093,yft_9
yrdb1094,yft_14
yrdb1095,yft_10
yrdb1096,yft_14
yrdb1097,yft_14
yrdb1098,yft_9
yrdb1099,yft_9
yrdb1100,yft_33
yrdb1101,
yrdb1102,yft_33
yrdb1103,yft_37
yrdb1104,yft_17
yrdb1104,yft_27
yrdb1105,yft_42
yrdb1106,yft_9
yrdb1107,yft_30
yrdb1108,
yrdb1109,
yrdb1110,yft_39
yrdb1111,yft_35
yrdb1112,yft_2
yrdb1113,yft_9
yrdb1114,yft_33
yrdb1115,yft_9
yrdb1116,yft_14
yrdb1117,yft_33
yrdb1118,yft_14
yrdb1119,yft_14
yrdb1120,yft_10
yrdb1121,yft_9
yrdb1122,yft_13
yrdb1123,
yrdb1124,yft_9
yrdb1125,yft_44
yrdb1126,
yrdb1127,yft_9
yrdb1128,
yrdb1129,yft_33
yrdb1130,yft_10
yrdb1131,
yrdb1132,
yrdb1133,
yrdb1134,yft_13
yrdb1135,yft_44
yrdb1136,yft_13
yrdb1138,
yrdb1139,yft_4
yrdb1141,yft_14
yrdb1143,yft_13
yrdb1144,yft_13
yrdb1145,
yrdb1146,
yrdb1147,yft_13
yrdb1148,yft_9
yrdb1149,yft_35
yrdb1150,
yrdb1151,
yrdb1152,
yrdb1153,yft_9
yrdb1154,yft_26
yrdb1155,yft_13
yrdb1156,yft_33
yrdb1157,yft_30
yrdb1158,
yrdb1159,yft_39
yrdb1160,yft_5
yrdb1161,yft_40
yrdb1162,yft_33
yrdb1163,yft_14
yrdb1165,yft_9
yrdb1166,yft_5
yrdb1167,yft_6
yrdb1168,yft_7
yrdb1168,yft_12
yrdb1169,yft_24
yrdb1170,yft_6
yrdb1171,yft_7
yrdb1171,yft_12
yrdb1172,yft_5
yrdb1173,yft_33
yrdb1175,yft_5
yrdb1176,yft_13
yrdb1177,
yrdb1181,yft_4
yrdb1183,
yrdb1184,
yrdb1185,
yrdb1186,yft_14
yrdb1187,yft_15
yrdb1188,yft_14
yrdb1189,yft_33
yrdb1190,yft_6
yrdb1191,yft_14
yrdb1192,yft_5
yrdb1194,yft_14
yrdb1195,
yrdb1196,yft_30
yrdb1197,yft_6
yrdb1198,
yrdb1199,
yrdb1200,yft_13
yrdb1202,yft_25
yrdb1203,yft_5
yrdb1204,
yrdb1205,yft_18
yrdb1207,yft_15
yrdb1208,yft_14
yrdb1209,
yrdb1210,yft_31
yrdb1211,
yrdb1212,
yrdb1213,yft_5
yrdb1214,yft_17
yrdb1214,yft_27
yrdb1215,yft_45
yrdb1216,yft_10
yrdb1217,yft_23
yrdb1218,
yrdb1219,yft_35
yrdb1220,yft_33
yrdb1221,yft_14
yrdb1222,yft_14
yrdb1223,
yrdb1224,
yrdb1225,yft_13
yrdb1226,
yrdb1228,yft_5
yrdb1230,yft_40
yrdb1231,yft_21
yrdb1232,
yrdb1233,
yrdb1234,yft_13
yrdb1235,yft_20
yrdb1235,yft_29
yrdb1236,yft_24
yrdb1237,yft_9
yrdb1238,yft_14
yrdb1239,
yrdb1241,yft_24
yrdb1242,yft_9
yrdb1243,
yrdb1244,yft_9
yrdb1245,
yrdb1246,yft_15
yrdb1247,yft_13
yrdb1248,
yrdb1249,yft_15
yrdb1250,yft_18
yrdb1251,yft_9
yrdb1252,yft_10
yrdb1253,yft_15
yrdb1254,yft_18
yrdb1255,yft_33
yrdb1256,yft_13
yrdb1257,yft_9
yrdb1258,
yrdb1259,
yrdb1260,yft_15
yrdb1261,
yrdb1262,yft_9
yrdb1263,yft_19
yrdb1264,yft_36
yrdb1265,yft_13
yrdb1266,yft_9
yrdb1267,yft_9
yrdb1268,yft_15
yrdb1269,yft_9
yrdb1270,yft_23
yrdb1271,yft_8
yrdb1272,yft_14
yrdb1273,yft_16
yrdb1274,
yrdb1275,yft_15
yrdb1277,yft_13
yrdb1278,yft_9
yrdb1279,
yrdb1280,yft_15
yrdb1282,yft_6
yrdb1283,yft_17
yrdb1283,yft_27
yrdb1284,yft_9
yrdb1285,yft_9
yrdb1286,yft_9
yrdb1287,
yrdb1288,yft_14
yrdb1289,yft_30
yrdb1290,yft_33
yrdb1291,yft_33
yrdb1292,
yrdb1293,yft_24
yrdb1294,yft_10
yrdb1295,yft_40
yrdb1296,yft_33
yrdb1297,yft_33
yrdb1298,yft_33
yrdb1299,yft_17
yrdb1299,yft_27
yrdb1300,
yrdb1301,yft_23
yrdb1302,yft_24
yrdb1303,yft_32
yrdb1304,yft_14
yrdb1305,
yrdb1306,yft_9
yrdb1307,yft_9
yrdb1308,yft_5
yrdb1309,yft_15
yrdb1310,yft_7
yrdb1310,yft_12
yrdb1311,yft_6
yrdb1312,yft_17
yrdb1312,yft_27
yrdb1313,yft_44
yrdb1314,yft_9
yrdb1315,yft_35
yrdb1316,
yrdb1317,yft_13
yrdb1318,
yrdb1319,
yrdb1320,yft_45
yrdb1321,
yrdb1322,yft_5
yrdb1323,yft_32
yrdb1324,yft_13
yrdb1325,yft_19
yrdb1326,
yrdb1327,
yrdb1328,yft_28
yrdb1329,
yrdb1330,
yrdb1331,yft_26
yrdb1332,
yrdb1333,
yrdb1334,yft_9
yrdb1335,yft_15
yrdb1336,yft_9
yrdb1337,yft_9
yrdb1338,yft_9
yrdb1339,yft_5
yrdb1340,
yrdb1341,
yrdb1342,yft_14
yrdb1343,yft_9
yrdb1344,yft_23
yrdb1345,yft_30
yrdb1346,yft_9
yrdb1347,yft_9
yrdb1350,
yrdb1351,yft_16
yrdb1352,
yrdb1353,yft_6
yrdb1354,yft_33
yrdb1355,yft_14
yrdb1356,yft_24
yrdb1357,yft_30
yrdb1358,yft_39
yrdb1359,
yrdb1360,yft_5
yrdb1361,yft_9
yrdb1362,yft_45
yrdb1363,yft_33
yrdb1364,yft_9
yrdb1365,
yrdb1367,yft_25
yrdb1368,yft_13
yrdb1369,
yrdb1370,
yrdb1372,yft_6
yrdb1373,yft_5
yrdb1374,yft_6
yrdb1375,
yrdb1376,yft_15
yrdb1377,
yrdb1378,yft_14
yrdb1380,yft_9
yrdb1381,yft_9
yrdb1382,
yrdb1383,
yrdb1384,yft_9
yrdb1385,yft_14
yrdb1386,yft_33
yrdb1387,
yrdb1388,
yrdb1389,yft_24
yrdb1390,
yrdb1391,yft_14
yrdb1392,
yrdb1393,yft_40
yrdb1394,
yrdb1395,
yrdb1396,yft_33
yrdb1397,yft_24
yrdb1398,yft_33
yrdb1399,yft_15
yrdb1400,yft_9
yrdb1401,yft_14
yrdb1402,yft_33
yrdb1403,yft_33
yrdb1404,yft_49
yrdb1405,yft_13
yrdb1406,
yrdb1407,
yrdb1408,yft_16
yrdb1409,yft_33
yrdb1410,
yrdb1411,
yrdb1412,yft_30
yrdb1413,
yrdb1414,
yrdb1415,yft_33
yrdb1416,yft_14
yrdb1417,yft_33
yrdb1419,
yrdb1420,yft_14
yrdb1422,yft_13
yrdb1423,yft_9
yrdb1424,yft_17
yrdb1424,yft_27
yrdb1425,yft_6
yrdb1426,yft_13
yrdb1427,yft_10
yrdb1428,yft_30
yrdb1429,
yrdb1430,
yrdb1431,yft_9
yrdb1432,yft_14
yrdb1433,
yrdb1435,
yrdb1436,yft_9
yrdb1437,yft_6
yrdb1438,yft_5
yrdb1439,yft_14
yrdb1440,
yrdb1442,yft_33
yrdb1443,yft_14
yrdb1444,
yrdb1445,yft_24
yrdb1446,yft_14
yrdb1447,yft_33
yrdb1448,yft_13
yrdb1449,yft_30
yrdb1450,
yrdb1451,yft_47
yrdb1452,
yrdb1453,
yrdb1454,
yrdb1455,yft_23
yrdb1456,yft_33
yrdb1457,yft_30
yrdb1458,
yrdb1459,yft_23
yrdb1460,yft_47
yrdb1461,yft_30
yrdb1462,
yrdb1463,yft_6
yrdb1464,
yrdb1465,yft_40
yrdb1466,yft_11
yrdb1467,yft_14
yrdb1468,yft_40
yrdb1469,yft_9
yrdb1470,yft_13
yrdb1471,yft_47
yrdb1472,yft_33
yrdb1473,
yrdb1474,yft_33
yrdb1475,yft_14
yrdb1476,yft_6
yrdb1477,yft_45
yrdb1478,yft_39
yrdb1479,yft_15
yrdb1480,yft_1
yrdb1482,
yrdb1484,yft_9
yrdb1485,yft_19
yrdb1486,yft_25
yrdb1487,yft_9
yrdb1488,yft_14
yrdb1489,yft_41
yrdb1491,yft_13
yrdb1492,yft_24
yrdb1493,
yrdb1494,
yrdb1496,yft_13
yrdb1497,
yrdb1498,
yrdb1499,yft_9
yrdb1500,yft_16
yrdb1501,yft_14
yrdb1502,yft_16
yrdb1503,yft_9
yrdb1504,
yrdb1505,
yrdb1507,yft_33
yrdb1508,yft_39
yrdb1509,
yrdb1510,yft_40
yrdb1511,yft_9
yrdb1512,yft_31
yrdb1513,yft_9
yrdb1514,yft_44
yrdb1515,yft_39
yrdb1516,yft_9
yrdb1517,yft_20
yrdb1517,yft_29
yrdb1518,yft_11
yrdb1519,yft_11
yrdb1520,yft_10
yrdb1521,
yrdb1522,yft_6
yrdb1524,yft_11
yrdb1526,yft_10
yrdb1527,
yrdb1528,yft_9
yrdb1529,yft_49
yrdb1530,yft_9
yrdb1531,yft_13
yrdb1532,
yrdb1533,
yrdb1534,yft_14
yrdb1535,
yrdb1536,yft_26
yrdb1537,yft_30
yrdb1538,yft_31
yrdb1539,yft_21
yrdb1540,
yrdb1541,yft_33
yrdb1542,yft_40
yrdb1543,
yrdb1546,yft_13
yrdb1547,
yrdb1548,yft_16
yrdb1549,yft_23
yrdb1550,yft_5
yrdb1551,yft_21
yrdb1552,yft_10
yrdb1553,yft_6
yrdb1554,yft_26
yrdb1555,yft_5
yrdb1556,
yrdb1557,yft_14
yrdb1558,yft_9
yrdb1559,yft_6
yrdb1561,
yrdb1562,
yrdb1563,yft_33
yrdb1564,yft_23
yrdb1566,yft_33
yrdb1567,
yrdb1569,
yrdb1570,yft_9
yrdb1571,
yrdb1572,yft_13
yrdb1573,yft_9
yrdb1574,
yrdb1575,yft_9
yrdb1576,yft_30
yrdb1577,
yrdb1578,yft_9
yrdb1579,yft_41
yrdb1580,yft_14
yrdb1581,yft_9
yrdb1582,
yrdb1583,
yrdb1584,yft_14
yrdb1585,yft_14
yrdb1586,
yrdb1587,yft_9
yrdb1588,yft_43
yrdb1589,yft_9
yrdb1590,yft_9
yrdb1591,yft_47
yrdb1592,yft_45
yrdb1593,
yrdb1594,
yrdb1595,yft_5
yrdb1596,
yrdb1597,yft_9
yrdb1598,yft_13
yrdb1599,yft_13
yrdb1600,yft_4
yrdb1601,yft_9
yrdb1602,yft_17
yrdb1602,yft_27
yrdb1603,yft_4
yrdb1604,yft_33
yrdb1605,
yrdb1606,yft_17
yrdb1606,yft_27
yrdb1607,yft_42
yrdb1608,yft_5
yrdb1609,yft_15
yrdb1610,yft_13
yrdb1611,yft_6
yrdb1612,yft_6
yrdb1614,yft_25
yrdb1615,
yrdb1616,yft_14
yrdb1618,yft_14
yrdb1619,yft_6
yrdb1620,
yrdb1621,yft_22
yrdb1622,yft_7
yrdb1622,yft_12
yrdb1623,yft_6
yrdb1625,yft_37
yrdb1626,yft_30
yrdb1627,yft_41
yrdb1628,
yrdb1629,yft_30
yrdb1630,
yrdb1631,
yrdb1632,yft_14
yrdb1633,yft_16
yrdb1634,
yrdb1635,yft_33
yrdb1636,yft_9
yrdb1637,yft_14
yrdb1638,
yrdb1639,yft_9
yrdb1640,yft_13
yrdb1642,yft_13
yrdb1643,yft_14
yrdb1644,yft_32
yrdb1645,yft_13
yrdb1646,yft_32
yrdb1647,yft_19
yrdb1648,yft_9
yrdb1649,yft_8
yrdb1650,yft_9
yrdb1651,yft_14
yrdb1652,yft_14
yrdb1653,yft_15
yrdb1654,
yrdb1655,yft_6
yrdb1656,yft_5
yrdb1657,yft_17
yrdb1657,yft_27
yrdb1658,yft_14
yrdb1659,yft_9
yrdb1660,yft_5
yrdb1661,yft_40
yrdb1663,yft_14
yrdb1664,yft_47
yrdb1665,yft_47
yrdb1666,yft_14
yrdb1667,yft_6
yrdb1668,yft_6
yrdb1669,yft_14
yrdb1670,
yrdb1671,
yrdb1672,yft_7
yrdb1672,yft_12
yrdb1673,yft_48
yrdb1674,
yrdb1675,yft_36
yrdb1676,yft_7
yrdb1676,yft_12
yrdb1677,yft_36
yrdb1679,
yrdb1680,yft_5
yrdb1681,yft_2
yrdb1682,yft_17
yrdb1682,yft_27
yrdb1683,yft_2
yrdb1684,yft_5
yrdb1685,
yrdb1687,yft_3
yrdb1688,
yrdb1689,
yrdb1690,yft_9
yrdb1691,yft_5
yrdb1692,
yrdb1693,yft_13
yrdb1694,
yrdb1695,yft_30
yrdb1696,yft_6
yrdb1698,
yrdb1699,yft_33
yrdb1703,yft_32
yrdb1704,yft_33
yrdb1705,yft_6
yrdb1706,yft_32
yrdb1707,yft_13
yrdb1708,yft_9
yrdb1709,yft_5
yrdb1710,yft_15
yrdb1711,yft_32
yrdb1712,
yrdb1714,yft_5
yrdb1715,yft_32
yrdb1716,
yrdb1717,
yrdb1718,yft_31
yrdb1719,yft_5
yrdb1720,yft_32
yrdb1721,
yrdb1723,yft_9
yrdb1724,
yrdb1725,
yrdb1726,yft_30
yrdb1727,yft_6
yrdb1728,yft_6
yrdb1729,
yrdb1730,
yrdb1731,
yrdb1732,
yrdb1733,yft_16
yrdb1735,
yrdb1736,
yrdb1738,yft_24
yrdb1739,yft_32
yrdb1740,
yrdb1741,yft_19
yrdb1742,
yrdb1743,
yrdb1744,yft_39
yrdb1745,yft_28
yrdb1746,yft_14
yrdb1747,yft_13
yrdb1748,yft_6
yrdb1749,yft_32
yrdb1750,yft_5
yrdb1751,
yrdb1752,
yrdb1753,yft_2
yrdb1754,yft_2
yrdb1755,yft_4
yrdb1756,
yrdb1757,
yrdb1759,yft_6
yrdb1760,yft_3
yrdb1761,yft_2
yrdb1762,yft_2
yrdb1763,yft_2
yrdb1764,yft_9
yrdb1765,yft_3
yrdb1767,yft_2
yrdb1768,yft_9
yrdb1769,yft_9
yrdb1770,yft_10
yrdb1771,yft_28
yrdb1772,
yrdb1773,
yrdb1774,yft_5
yrdb1775,yft_10
yrdb1776,
yrdb1777,yft_47
yrdb1778,yft_34
yrdb1779,
yrdb1780,
yrdb1781,yft_22
yrdb1782,yft_22
yrdb1783,
yrdb1784,
yrdb1786,yft_47
yrdb1788,
yrdb1790,
yrdb1791,yft_9
yrdb1792,yft_24
yrdb1793,yft_6
yrdb1794,
yrdb1795,yft_14
yrdb1796,
yrdb1797,yft_18
yrdb1798,yft_5
yrdb1799,yft_32
yrdb1800,yft_32
yrdb1802,yft_17
yrdb1802,yft_27
yrdb1803,yft_13
yrdb1804,
yrdb1805,yft_5
yrdb1806,yft_31
yrdb1807,yft_20
yrdb1807,yft_29
yrdb1808,yft_5
yrdb1809,yft_13
yrdb1810,yft_5
yrdb1811,yft_42
yrdb1812,yft_5
yrdb1813,yft_36
yrdb1814,
yrdb1815,yft_14
yrdb1816,yft_5
yrdb1817,yft_33
yrdb1818,yft_6
yrdb1819,yft_47
yrdb1820,yft_47
yrdb1821,yft_32
yrdb1822,yft_41
yrdb1823,
yrdb1824,
yrdb1826,
yrdb1827,
yrdb1828,yft_9
yrdb1829,
yrdb1830,yft_42
yrdb1831,yft_36
yrdb1832,yft_15
yrdb1833,yft_9
yrdb1834,yft_33
yrdb1835,yft_5
yrdb1837,yft_14
yrdb1838,yft_13
yrdb1839,
yrdb1840,yft_13
yrdb1841,
yrdb1842,
yrdb1843,yft_39
yrdb1844,yft_5
yrdb1845,
yrdb1846,yft_9
yrdb1847,yft_32
yrdb1849,
yrdb1850,yft_45
yrdb1852,yft_4
yrdb1854,
yrdb1855,yft_2
yrdb1856,yft_5
yrdb1857,yft_32
yrdb1858,
yrdb1859,yft_6
yrdb1861,yft_9
yrdb1862,
yrdb1864,yft_10
yrdb1865,yft_32
yrdb1866,
yrdb1867,yft_3
yrdb1868,yft_2
yrdb1869,yft_6
yrdb1870,yft_6
yrdb1872,yft_34
yrdb1873,yft_33
yrdb1874,yft_47
yrdb1875,yft_11
yrdb1876,yft_17
yrdb1876,yft_27
yrdb1877,
yrdb1878,yft_35
yrdb1879,
yrdb1881,yft_5
yrdb1882,yft_11
yrdb1883,yft_31
yrdb1884,yft_8
yrdb1885,
yrdb1886,yft_14
yrdb1888,yft_13
yrdb1889,yft_42
yrdb1890,yft_9
yrdb1891,yft_13
yrdb1892,yft_5
yrdb1893,yft_33
yrdb1894,yft_5
yrdb1895,yft_9
yrdb1896,yft_5
yrdb1897,yft_18
yrdb1898,yft_6
yrdb1899,yft_2
yrdb1901,
yrdb1903,yft_4
yrdb1904,yft_2
yrdb1905,yft_36
yrdb1906,
yrdb1907,yft_7
yrdb1907,yft_12
yrdb1908,
yrdb1909,yft_5
yrdb1910,
yrdb1911,yft_6
yrdb1912,yft_9
yrdb1913,yft_5
yrdb1914,yft_15
yrdb1915,yft_14
yrdb1916,yft_15
yrdb1917,yft_14
yrdb1918,
yrdb1919,
yrdb1920,yft_17
yrdb1920,yft_27
yrdb1921,yft_9
yrdb1922,yft_19
yrdb1923,
yrdb1924,
yrdb1925,yft_32
yrdb1926,yft_6
yrdb1927,yft_33
yrdb1928,
yrdb1929,yft_8
yrdb1930,yft_6
yrdb1931,yft_20
yrdb1931,yft_29
yrdb1932,
yrdb1933,yft_5
yrdb1934,yft_14
yrdb1935,yft_6
yrdb1936,yft_6
yrdb1937,yft_33
yrdb1938,yft_20
yrdb1938,yft_29
yrdb1939,yft_20
yrdb1939,yft_29
yrdb1940,yft_9
yrdb1941,yft_14
yrdb1943,
yrdb1944,
yrdb1945,yft_13
yrdb1946,yft_47
yrdb1947,yft_36
yrdb1948,
yrdb1949,yft_3
yrdb1950,yft_13
yrdb1951,yft_18
yrdb1952,yft_5
yrdb1953,
yrdb1954,yft_16
yrdb1955,
yrdb1956,yft_13
yrdb1957,yft_36
yrdb1958,yft_9
yrdb1959,yft_32
yrdb1960,yft_25
yrdb1961,yft_9
yrdb1962,yft_40
yrdb1963,
yrdb1964,yft_6
yrdb1966,yft_14
yrdb1967,yft_5
yrdb1968,yft_41
yrdb1969,
yrdb1970,yft_6
yrdb1971,yft_5
yrdb1972,yft_9
yrdb1973,yft_32
yrdb1974,yft_37
yrdb1975,yft_32
yrdb1976,
yrdb1977,yft_17
yrdb1977,yft_27
yrdb1978,
yrdb1979,yft_30
yrdb1980,yft_25
yrdb1981,
yrdb1984,yft_20
yrdb1984,yft_29
yrdb1985,yft_15
yrdb1986,yft_5
yrdb1987,
yrdb1988,yft_5
yrdb1989,
yrdb1992,
yrdb1993,yft_5
yrdb1994,yft_9
yrdb1995,yft_9
yrdb1996,
yrdb1997,yft_14
yrdb1998,
yrdb2000,yft_6
yrdb2001,
yrdb2002,yft_6
yrdb2003,yft_6
yrdb2005,yft_32
yrdb2006,yft_5
yrdb2007,yft_45
yrdb2008,yft_41
yrdb2009,yft_6
yrdb2010,yft_20
yrdb2010,yft_29
yrdb2011,yft_6
yrdb2012,yft_6
yrdb2014,
yrdb2015,yft_40
yrdb2016,
yrdb2017,
yrdb2018,yft_38
yrdb2019,yft_24
yrdb2020,
yrdb2021,
yrdb2022,
yrdb2023,yft_10
yrdb2024,
yrdb2025,yft_5
yrdb2026,
yrdb2027,yft_18
yrdb2028,yft_33
yrdb2029,yft_31
yrdb2030,yft_13
yrdb2031,yft_30
yrdb2033,yft_17
yrdb2033,yft_27
yrdb2034,yft_17
yrdb2034,yft_27
yrdb2035,yft_14
yrdb2036,yft_24
yrdb2037,yft_9
yrdb2038,yft_9
yrdb2039,yft_18
yrdb2040,yft_28
yrdb2041,yft_28
yrdb2042,
yrdb2043,yft_25
yrdb2044,yft_1
yrdb2045,
yrdb2046,
yrdb2047,
yrdb2048,yft_40
yrdb2050,yft_15
yrdb2051,
yrdb2052,yft_17
yrdb2052,yft_27
yrdb2054,yft_21
yrdb2055,
yrdb2056,yft_34
yrdb2057,yft_45
yrdb2058,yft_45
yrdb2059,yft_44
yrdb2060,yft_24
yrdb2061,yft_14
yrdb2062,yft_13
yrdb2063,
yrdb2064,yft_41
yrdb2065,yft_33
yrdb2066,
yrdb2067,
yrdb2068,yft_37
yrdb2069,
yrdb2070,yft_14
yrdb2071,yft_24
yrdb2072,
yrdb2073,yft_14
yrdb2074,
yrdb2075,yft_32
yrdb2076,
yrdb2077,yft_17
yrdb2077,yft_27
yrdb2078,yft_9
yrdb2079,yft_33
yrdb2080,yft_23
yrdb2081,yft_9
yrdb2082,yft_10
yrdb2083,yft_30
yrdb2084,yft_30
yrdb2085,yft_14
yrdb2086,yft_10
yrdb2087,
yrdb2088,yft_33
yrdb2089,yft_14
yrdb2090,yft_9
yrdb2091,yft_49
yrdb2092,yft_45
yrdb2093,yft_48
yrdb2094,yft_33
yrdb2095,yft_33
yrdb2096,yft_17
yrdb2096,yft_27
yrdb2097,yft_17
yrdb2097,yft_27
yrdb2098,
yrdb2099,yft_13
yrdb2100,
yrdb2101,
yrdb2102,yft_5
yrdb2103,yft_33
yrdb2104,yft_19
yrdb2105,yft_25
yrdb2106,yft_15
yrdb2107,
yrdb2109,yft_35
yrdb2110,yft_33
yrdb2111,yft_14
yrdb2112,yft_33
yrdb2113,yft_39
yrdb2114,yft_25
yrdb2116,
yrdb2117,yft_20
yrdb2117,yft_29
yrdb2118,yft_13
yrdb2119,yft_13
yrdb2120,
yrdb2121,
yrdb2122,yft_13
yrdb2123,
yrdb2124,yft_14
yrdb2125,yft_14
yrdb2126,yft_9
yrdb2127,yft_24
yrdb2128,yft_20
yrdb2128,yft_29
yrdb2129,
yrdb2130,yft_33
yrdb2131,yft_14
yrdb2132,yft_33
yrdb2133,
yrdb2134,
yrdb2135,
yrdb2136,yft_33
yrdb2137,yft_14
yrdb2138,yft_13
yrdb2139,yft_33
yrdb2140,
yrdb2141,yft_4
yrdb2142,yft_9
yrdb2143,
yrdb2144,yft_30
yrdb2145,
yrdb2146,
yrdb2147,yft_13
yrdb2148,
yrdb2149,yft_18
yrdb2150,yft_20
yrdb2150,yft_29
yrdb2151,yft_17
yrdb2151,yft_27
yrdb2152,
yrdb2153,
yrdb2154,yft_39
yrdb2155,
yrdb2156,yft_9
yrdb2157,
yrdb2158,yft_6
yrdb2160,yft_9
yrdb2161,yft_9
yrdb2162,yft_40
yrdb2163,yft_9
yrdb2164,yft_32
yrdb2165,yft_13
yrdb2166,
yrdb2167,yft_49
yrdb2168,yft_10
yrdb2169,
yrdb2170,yft_15
yrdb2171,
yrdb2173,
yrdb2174,yft_6
yrdb2175,
yrdb2176,yft_33
yrdb2177,yft_23
yrdb2178,
yrdb2179,yft_37
yrdb2180,yft_24
yrdb2181,yft_24
yrdb2182,
yrdb2183,yft_1
yrdb2185,yft_9
yrdb2186,yft_34
yrdb2187,yft_14
yrdb2188,yft_20
yrdb2188,yft_29
yrdb2189,yft_35
yrdb2190,yft_16
yrdb2191,yft_9
yrdb2192,yft_14
yrdb2193,yft_42
yrdb2194,yft_22
yrdb2195,yft_9
yrdb2197,yft_14
yrdb2198,
yrdb2199,yft_33
yrdb2200,yft_14
yrdb2201,yft_6
yrdb2202,
yrdb2203,
yrdb2204,
yrdb2205,
yrdb2207,yft_5
yrdb2208,
yrdb2209,yft_9
yrdb2210,yft_15
yrdb2211,yft_14
yrdb2212,yft_19
yrdb2213,yft_13
yrdb2215,yft_13
yrdb2216,
yrdb2217,yft_9
yrdb2218,
yrdb2219,yft_19
yrdb2220,yft_9
yrdb2221,yft_43
yrdb2222,yft_33
yrdb2223,
yrdb2225,yft_10
yrdb2226,yft_9
yrdb2227,yft_20
yrdb2227,yft_29
yrdb2228,yft_15
yrdb2229,yft_9
yrdb2230,
yrdb2231,yft_6
yrdb2232,
yrdb2233,yft_33
yrdb2234,yft_33
yrdb2235,
yrdb2236,
yrdb2238,yft_15
yrdb2240,
yrdb2241,
yrdb2242,yft_39
yrdb2243,yft_5
yrdb2244,yft_18
yrdb2245,yft_4
yrdb2246,yft_20
yrdb2246,yft_29
yrdb2247,
yrdb2248,
yrdb2249,yft_11
yrdb2250,yft_6
yrdb2252,yft_5
yrdb2253,yft_32
yrdb2254,yft_6
yrdb2255,yft_14
yrdb2256,yft_33
yrdb2257,yft_40
yrdb2258,yft_9
yrdb2259,yft_33
yrdb2260,yft_31
yrdb2261,yft_19
yrdb2262,yft_31
yrdb2263,yft_24
yrdb2264,yft_13
yrdb2265,
yrdb2266,yft_10
yrdb2267,yft_47
yrdb2268,yft_44
yrdb2269,yft_39
yrdb2270,yft_20
yrdb2270,yft_29
yrdb2271,yft_15
yrdb2272,yft_14
yrdb2273,yft_13
yrdb2274,yft_5
yrdb2275,
yrdb2276,
yrdb2277,
yrdb2278,yft_47
yrdb2279,yft_9
yrdb2282,yft_33
yrdb2283,yft_6
yrdb2285,yft_14
yrdb2286,yft_9
yrdb2287,
yrdb2288,yft_14
yrdb2289,yft_48
yrdb2290,yft_20
yrdb2290,yft_29
yrdb2292,yft_15
yrdb2293,yft_17
yrdb2293,yft_27
yrdb2294,yft_13
yrdb2295,
yrdb2296,
yrdb2297,yft_15
yrdb2298,
yrdb2299,
yrdb2300,yft_10
yrdb2301,yft_6
yrdb2303,yft_14
yrdb2304,yft_31
yrdb2306,yft_14
yrdb2307,yft_14
yrdb2308,
yrdb2309,yft_15
yrdb2310,yft_9
yrdb2311,yft_15
yrdb2313,yft_9
yrdb2314,yft_9
yrdb2315,
yrdb2317,yft_5
yrdb2318,yft_9
yrdb2319,yft_14
yrdb2321,yft_30
yrdb2322,yft_33
yrdb2323,yft_40
yrdb2324,yft_33
yrdb2325,yft_9
yrdb2326,yft_9
yrdb2327,
yrdb2328,yft_18
yrdb2329,
yrdb2332,yft_33
yrdb2333,yft_5
yrdb2334,yft_9
yrdb2335,yft_9
yrdb2336,yft_32
yrdb2337,yft_14
yrdb2338,yft_33
yrdb2339,
yrdb2340,yft_11
yrdb2341,yft_6
yrdb2344,
yrdb2345,
yrdb2346,yft_5
yrdb2347,yft_3
yrdb2348,yft_9
yrdb2350,yft_6
yrdb2351,yft_13
yrdb2352,yft_20
yrdb2352,yft_29
yrdb2353,yft_49
yrdb2354,
yrdb2355,yft_9
yrdb2356,yft_19
yrdb2357,yft_25
yrdb2359,yft_9
yrdb2360,yft_14
yrdb2361,yft_26
yrdb2362,
yrdb2363,yft_39
yrdb2364,yft_5
yrdb2365,yft_9
yrdb2366,yft_40
yrdb2367,yft_9
yrdb2368,yft_42
yrdb2369,yft_15
yrdb2370,yft_24
yrdb2371,
yrdb2372,
yrdb2373,yft_9
yrdb2375,yft_25
yrdb2376,yft_15
yrdb2377,
yrdb2378,yft_14
yrdb2379,
yrdb2380,yft_10
yrdb2381,yft_10
yrdb2382,
yrdb2384,yft_15
yrdb2385,yft_33
yrdb2386,yft_24
yrdb2387,yft_30
yrdb2389,yft_9
yrdb2390,yft_19
yrdb2391,yft_6
yrdb2393,yft_17
yrdb2393,yft_27
yrdb2394,yft_9
yrdb2396,yft_9
yrdb2397,yft_46
yrdb2398,yft_32
yrdb2399,yft_9
yrdb2400,yft_17
yrdb2400,yft_27
yrdb2401,yft_45
yrdb2402,yft_45
yrdb2403,yft_9
yrdb2404,yft_15
yrdb2405,yft_13
yrdb2406,yft_6
yrdb2407,
yrdb2408,
yrdb2409,yft_9
yrdb2410,yft_14
yrdb2411,yft_22
yrdb2413,
yrdb2414,
yrdb2415,yft_10
yrdb2416,yft_10
yrdb2417,yft_13
yrdb2418,
yrdb2419,yft_14
yrdb2420,yft_14
yrdb2421,
yrdb2422,yft_13
yrdb2424,
yrdb2425,yft_14
yrdb2427,
yrdb2428,yft_14
yrdb2429,yft_14
yrdb2430,yft_33
yrdb2431,yft_13
yrdb2432,yft_9
yrdb2433,yft_33
yrdb2434,yft_24
yrdb2435,yft_39
yrdb2436,yft_14
yrdb2437,
yrdb2438,
yrdb2439,yft_17
yrdb2439,yft_27
yrdb2440,
yrdb2441,yft_9
yrdb2442,yft_2
yrdb2443,yft_15
yrdb2444,yft_6
yrdb2445,yft_5
yrdb2446,yft_24
yrdb2447,
yrdb2448,yft_41
yrdb2449,
yrdb2452,
yrdb2453,
yrdb2454,yft_14
yrdb2455,yft_33
yrdb2456,yft_14
yrdb2457,yft_9
yrdb2458,yft_9
yrdb2459,yft_13
yrdb2460,yft_31
yrdb2461,
yrdb2462,
yrdb2463,yft_9
yrdb2464,yft_48
yrdb2465,
yrdb2467,
yrdb2468,yft_21
yrdb2469,
yrdb2470,yft_9
yrdb2471,
yrdb2472,yft_9
yrdb2473,yft_13
yrdb2474,yft_5
yrdb2475,
yrdb2476,yft_33
yrdb2477,yft_39
yrdb2479,yft_41
yrdb2480,yft_14
yrdb2481,yft_15
yrdb2482,
yrdb2484,yft_6
yrdb2485,
yrdb2486,
yrdb2487,yft_8
yrdb2488,yft_24
yrdb2489,
yrdb2490,yft_33
yrdb2491,yft_13
yrdb2492,yft_9
yrdb2493,yft_13
yrdb2495,yft_33
yrdb2496,yft_15
yrdb2497,yft_9
yrdb2498,yft_6
yrdb2500,yft_6
yrdb2501,yft_13
yrdb2502,yft_15
yrdb2503,
yrdb2504,yft_17
yrdb2504,yft_27
yrdb2505,
yrdb2506,yft_39
yrdb2508,yft_14
yrdb2509,yft_40
yrdb2510,yft_9
yrdb2511,yft_20
yrdb2511,yft_29
yrdb2512,yft_41
yrdb2513,yft_40
yrdb2514,yft_32
yrdb2515,
yrdb2516,yft_13
yrdb2517,yft_5
yrdb2518,
yrdb2519,
yrdb2520,yft_9
yrdb2521,yft_9
yrdb2522,yft_9
yrdb2523,
yrdb2524,yft_9
yrdb2525,
yrdb2526,yft_9
yrdb2527,yft_30
yrdb2528,yft_14
yrdb2529,yft_24
yrdb2530,yft_14
yrdb2531,yft_8
yrdb2532,
yrdb2533,yft_24
yrdb2534,yft_9
yrdb2535,yft_31
yrdb2536,yft_20
yrdb2536,yft_29
yrdb2537,
yrdb2538,yft_9
yrdb2539,
yrdb2540,
yrdb2542,yft_9
yrdb2543,yft_19
yrdb2544,yft_15
yrdb2545,
yrdb2546,
yrdb2547,yft_30
yrdb2548,
yrdb2549,yft_10
yrdb2550,
yrdb2551,
yrdb2552,yft_37
yrdb2553,yft_9
yrdb2554,yft_18
yrdb2555,yft_14
yrdb2557,yft_10
yrdb2558,yft_9
yrdb2559,yft_6
yrdb2560,yft_33
yrdb2561,yft_10
yrdb2562,yft_24
yrdb2563,yft_33
yrdb2564,yft_6
yrdb2565,yft_44
yrdb2566,yft_31
yrdb2568,yft_49
yrdb2569,yft_33
yrdb2570,yft_13
yrdb2571,yft_33
yrdb2573,yft_17
yrdb2573,yft_27
yrdb2574,yft_9
yrdb2575,yft_33
yrdb2576,yft_5
yrdb2577,yft_2
yrdb2578,yft_7
yrdb2578,yft_12
yrdb2579,yft_14
yrdb2581,yft_32
yrdb2582,yft_35
yrdb2583,yft_24
yrdb2584,yft_14
yrdb2585,
yrdb2587,
yrdb2589,yft_20
yrdb2589,yft_29
yrdb2590,
yrdb2591,
yrdb2592,yft_17
yrdb2592,yft_27
yrdb2593,yft_5
yrdb2594,yft_13
yrdb2595,yft_14
yrdb2597,
yrdb2598,
yrdb2600,
yrdb2601,yft_18
yrdb2602,yft_19
yrdb2603,yft_14
yrdb2604,yft_14
yrdb2605,yft_19
yrdb2606,yft_16
yrdb2607,yft_15
yrdb2609,yft_11
yrdb2611,yft_6
yrdb2613,yft_33
yrdb2614,yft_30
yrdb2615,yft_49
yrdb2616,
yrdb2617,
yrdb2618,yft_21
yrdb2619,
yrdb2621,yft_9
yrdb2622,yft_25
yrdb2623,yft_13
yrdb2624,yft_37
yrdb2625,yft_31
yrdb2626,yft_17
yrdb2626,yft_27
yrdb2627,yft_9
yrdb2628,yft_33
yrdb2629,yft_14
yrdb2630,yft_40
yrdb2631,yft_32
yrdb2632,yft_39
yrdb2633,
yrdb2634,yft_38
yrdb2635,yft_13
yrdb2636,
yrdb2637,yft_17
yrdb2637,yft_27
yrdb2638,
yrdb2639,
yrdb2640,yft_9
yrdb2642,yft_20
yrdb2642,yft_29
yrdb2643,yft_31
yrdb2644,yft_31
yrdb2645,yft_8
yrdb2646,yft_33
yrdb2647,yft_6
yrdb2648,yft_34
yrdb2649,yft_6
yrdb2650,
yrdb2651,yft_9
yrdb2653,yft_8
yrdb2656,
yrdb2658,yft_9
yrdb2659,yft_6
yrdb2660,yft_9
yrdb2661,yft_15
yrdb2662,yft_5
yrdb2663,yft_41
yrdb2664,yft_32
yrdb2665,yft_33
yrdb2666,
yrdb2667,yft_5
yrdb2668,yft_14
yrdb2669,yft_14
yrdb2670,
yrdb2671,
yrdb2672,
yrdb2673,yft_5
yrdb2674,yft_30
yrdb2675,
yrdb2676,yft_9
yrdb2677,
yrdb2678,
yrdb2679,yft_9
yrdb2680,yft_9
yrdb2681,yft_9
yrdb2682,yft_47
yrdb2683,
yrdb2684,
yrdb2685,yft_33
yrdb2686,yft_15
yrdb2687,yft_9
yrdb2688,yft_9
yrdb2689,yft_47
yrdb2690,yft_13
yrdb2691,yft_6
yrdb2692,
yrdb2693,yft_25
yrdb2694,yft_9
yrdb2695,yft_5
yrdb2696,yft_10
yrdb2697,
yrdb2700,yft_6
yrdb2701,yft_15
yrdb2702,yft_35
yrdb2703,
yrdb2704,yft_23
yrdb2705,yft_25
yrdb2706,yft_33
yrdb2707,yft_32
yrdb2709,
yrdb2711,
yrdb2712,yft_5
yrdb2713,yft_6
yrdb2714,
yrdb2715,yft_9
yrdb2716,yft_25
yrdb2717,
yrdb2719,yft_9
yrdb2720,
yrdb2721,yft_5
yrdb2722,yft_22
yrdb2723,
yrdb2724,
yrdb2725,yft_6
yrdb2727,
yrdb2728,yft_13
yrdb2729,yft_14
yrdb2730,
yrdb2731,yft_19
yrdb2733,
yrdb2735,yft_4
yrdb2736,yft_14
yrdb2737,yft_17
yrdb2737,yft_27
yrdb2738,yft_9
yrdb2739,yft_32
yrdb2740,yft_24
yrdb2741,yft_9
yrdb2742,yft_14
yrdb2743,yft_19
yrdb2744,yft_13
yrdb2745,
yrdb2746,yft_47
yrdb2748,yft_9
yrdb2749,
yrdb2750,yft_33
yrdb2751,
yrdb2752,
yrdb2754,yft_9
yrdb2755,yft_14
yrdb2756,yft_33
yrdb2757,
yrdb2758,yft_9
yrdb2759,
yrdb2760,
yrdb2761,
yrdb2762,yft_13
yrdb2763,
yrdb2764,yft_10
yrdb2765,
yrdb2766,yft_33
yrdb2767,yft_5
yrdb2768,yft_9
yrdb2769,yft_9
yrdb2770,
yrdb2772,yft_17
yrdb2772,yft_27
yrdb2773,
yrdb2774,
yrdb2775,yft_14
yrdb2776,
yrdb2777,yft_5
yrdb2778,yft_30
yrdb2779,yft_44
yrdb2780,yft_7
yrdb2780,yft_12
yrdb2781,yft_30
yrdb2782,yft_5
yrdb2783,yft_20
yrdb2783,yft_29
yrdb2784,yft_25
yrdb2785,yft_33
yrdb2786,yft_13
yrdb2787,yft_30
yrdb2788,yft_6
yrdb2789,yft_13
yrdb2790,
yrdb2791,
yrdb2792,
yrdb2793,
yrdb2795,yft_8
yrdb2796,yft_5
yrdb2797,yft_14
yrdb2798,
yrdb2799,
yrdb2801,yft_9
yrdb2802,yft_46
yrdb2803,yft_14
yrdb2804,yft_14
yrdb2805,
yrdb2806,yft_30
yrdb2807,
yrdb2808,yft_32
yrdb2809,yft_32
yrdb2810,
yrdb2811,yft_25
yrdb2812,yft_31
yrdb2813,yft_18
yrdb2814,yft_14
yrdb2815,yft_9
yrdb2816,yft_9
yrdb2817,yft_20
yrdb2817,yft_29
yrdb2818,yft_33
yrdb2819,yft_36
yrdb2820,yft_13
yrdb2821,yft_24
yrdb2822,yft_9
yrdb2824,yft_26
yrdb2825,yft_13
yrdb2826,yft_9
yrdb2827,
yrdb2828,
yrdb2829,
yrdb2830,
yrdb2831,yft_23
yrdb2832,yft_43
yrdb2833,yft_5
yrdb2834,yft_30
yrdb2835,yft_14
yrdb2836,yft_9
yrdb2837,yft_10
yrdb2838,yft_9
yrdb2839,yft_32
yrdb2840,yft_24
yrdb2841,yft_24
yrdb2842,yft_14
yrdb2843,yft_9
yrdb2844,
yrdb2845,
yrdb2848,yft_33
yrdb2849,yft_43
yrdb2851,
yrdb2854,yft_13
yrdb2855,yft_1
yrdb2856,
yrdb2857,yft_10
yrdb2859,
yrdb2860,yft_9
yrdb2861,yft_9
yrdb2862,
yrdb2863,
yrdb2864,yft_13
yrdb2865,
yrdb2866,yft_14
yrdb2867,yft_45
yrdb2868,yft_13
yrdb2869,
yrdb2870,yft_9
yrdb2871,yft_9
yrdb2872,yft_13
yrdb2873,
yrdb2874,yft_41
yrdb2875,
yrdb2876,yft_7
yrdb2876,yft_12
yrdb2878,yft_19
yrdb2879,yft_5
yrdb2880,yft_32
yrdb2881,yft_14
yrdb2882,yft_47
yrdb2883,yft_48
yrdb2884,
yrdb2885,
yrdb2886,yft_14
yrdb2887,yft_14
yrdb2888,yft_4
yrdb2889,yft_24
yrdb2890,yft_16
yrdb2891,yft_33
yrdb2892,yft_5
yrdb2895,yft_10
yrdb2896,yft_5
yrdb2897,yft_34
yrdb2898,
yrdb2899,yft_13
yrdb2900,yft_38
yrdb2901,yft_33
yrdb2902,yft_5
yrdb2903,yft_25
yrdb2904,yft_6
yrdb2905,
yrdb2906,
yrdb2907,
yrdb2908,yft_11
yrdb2909,yft_5
yrdb2910,yft_11
yrdb2911,yft_25
yrdb2912,
yrdb2913,yft_14
yrdb2914,yft_9
yrdb2915,yft_46
yrdb2916,yft_33
yrdb2917,yft_9
yrdb2918,
yrdb2919,yft_9
yrdb2920,
yrdb2921,
yrdb2922,
yrdb2924,
yrdb2925,yft_6
yrdb2926,
yrdb2927,yft_6
yrdb2929,
yrdb2930,
yrdb2931,yft_14
yrdb2932,yft_14
yrdb2933,yft_14
yrdb2934,yft_34
yrdb2935,yft_6
yrdb2936,yft_26
yrdb2937,yft_30
yrdb2938,
yrdb2940,yft_49
yrdb2941,yft_17
yrdb2941,yft_27
yrdb2942,yft_48
yrdb2943,yft_6
yrdb2944,yft_5
yrdb2945,yft_34
yrdb2946,
yrdb2947,
yrdb2948,yft_13
yrdb2949,
yrdb2950,
yrdb2951,yft_40
yrdb2952,yft_49
yrdb2953,
yrdb2954,yft_9
yrdb2955,yft_23
yrdb2956,yft_10
yrdb2957,yft_9
yrdb2958,
yrdb2959,yft_9
yrdb2960,
yrdb2961,yft_9
yrdb2962,yft_13
yrdb2963,yft_13
yrdb2964,yft_13
yrdb2966,yft_6
yrdb2969,yft_9
yrdb2970,
yrdb2971,
yrdb2972,
yrdb2975,yft_6
yrdb2976,yft_5
yrdb2977,
yrdb2978,
yrdb2979,
yrdb2980,yft_19
yrdb2981,yft_6
yrdb2982,
yrdb2983,yft_34
yrdb2985,yft_13
yrdb2986,yft_9
yrdb2987,yft_14
yrdb2988,
yrdb2989,
yrdb2990,
yrdb2991,yft_9
yrdb2992,yft_13
yrdb2993,
yrdb2994,yft_6
yrdb2995,
yrdb2996,
yrdb2997,yft_44
yrdb2998,yft_13
yrdb2999,
yrdb3000,
yrdb3001,yft_5
yrdb3002,yft_15
yrdb3003,yft_44
yrdb3004,yft_13
yrdb3005,yft_36
yrdb3006,yft_24
yrdb3007,yft_34
yrdb3008,yft_9
yrdb3009,yft_30
yrdb3010,yft_20
yrdb3010,yft_29
yrdb3012,
yrdb3013,yft_41
yrdb3014,yft_15
yrdb3015,yft_33
yrdb3016,yft_6
yrdb3018,
yrdb3019,yft_5
yrdb3020,yft_30
yrdb3021,yft_14
yrdb3022,
yrdb3023,yft_15
yrdb3024,yft_13
yrdb3025,yft_15
yrdb3026,
yrdb3027,yft_13
yrdb3028,yft_9
yrdb3029,yft_6
yrdb3030,yft_47
yrdb3031,yft_11
yrdb3032,
yrdb3033,yft_6
yrdb3034,yft_42
yrdb3035,yft_15
yrdb3036,yft_9
yrdb3037,
yrdb3038,yft_24
yrdb3039,yft_14
yrdb3040,yft_33
yrdb3041,yft_14
yrdb3042,
yrdb3044,yft_5
yrdb3045,
yrdb3046,
yrdb3047,yft_14
yrdb3048,yft_2
yrdb3049,yft_14
yrdb3050,yft_14
yrdb3051,yft_14
yrdb3052,yft_14
yrdb3053,
yrdb3054,yft_14
yrdb3055,yft_14
yrdb3056,yft_14
yrdb3057,yft_15
yrdb3058,yft_14
yrdb3059,yft_14
yrdb3060,yft_14
yrdb3061,
yrdb3062,yft_14
yrdb3063,yft_9
yrdb3064,yft_6
yrdb3066,
yrdb3067,yft_15
yrdb3068,
yrdb3071,yft_14
yrdb3072,
yrdb3073,yft_31
yrdb3074,yft_6
yrdb3078,yft_15
yrdb3079,
yrdb3081,yft_6
yrdb3083,yft_19
yrdb3084,yft_6
yrdb3085,yft_9
yrdb3086,yft_6
yrdb3088,yft_25
yrdb3089,
yrdb3090,yft_5
yrdb3091,yft_8
yrdb3092,yft_9
yrdb3093,
yrdb3095,
yrdb3096,yft_9
yrdb3097,yft_10
yrdb3098,yft_6
yrdb3099,yft_9
yrdb3100,yft_6
yrdb3102,yft_24
yrdb3103,yft_13
yrdb3104,yft_6
yrdb3105,yft_22
yrdb3106,yft_9
yrdb3108,yft_14
yrdb3109,yft_14
yrdb3110,
yrdb3111,
yrdb3112,
yrdb3113,yft_6
yrdb3114,yft_14
yrdb3115,
yrdb3117,
yrdb3118,yft_13
yrdb3119,yft_41
yrdb3121,yft_44
yrdb3122,yft_22
yrdb3123,yft_13
yrdb3125,yft_15
yrdb3126,
yrdb3127,
yrdb3128,
yrdb3130,yft_13
yrdb3131,yft_5
yrdb3132,yft_14
yrdb3133,yft_13
yrdb3134,yft_9
yrdb3136,yft_21
yrdb3137,yft_20
yrdb3137,yft_29
yrdb3138,
yrdb3139,yft_9
yrdb3140,
yrdb3141,
yrdb3142,yft_9
yrdb3143,yft_15
yrdb3145,yft_18
yrdb3147,yft_15
yrdb3148,yft_6
yrdb3149,
yrdb3150,yft_6
yrdb3151,
yrdb3152,yft_32
yrdb3153,
yrdb3154,yft_9
yrdb3155,yft_45
yrdb3156,yft_33
yrdb3157,yft_33
yrdb3158,yft_14
yrdb3159,yft_24
yrdb3160,yft_17
yrdb3160,yft_27
yrdb3161,yft_30
yrdb3162,
yrdb3163,
yrdb3164,
yrdb3165,
yrdb3166,
yrdb3167,
yrdb3168,yft_1
yrdb3169,yft_5
yrdb3170,yft_10
yrdb3171,
yrdb3172,yft_16
yrdb3173,yft_9
yrdb3174,
yrdb3175,yft_30
yrdb3176,yft_9
yrdb3177,yft_16
yrdb3178,yft_13
yrdb3180,yft_9
yrdb3184,yft_6
yrdb3185,
yrdb3186,yft_5
yrdb3187,yft_34
yrdb3188,
yrdb3189,yft_2
yrdb3190,yft_2
yrdb3191,yft_31
yrdb3192,yft_6
yrdb3193,yft_19
yrdb3194,
yrdb3195,yft_30
yrdb3196,yft_14
yrdb3197,yft_20
yrdb3197,yft_29
yrdb3198,
yrdb3199,
yrdb3200,
yrdb3201,yft_10
yrdb3202,
yrdb3203,yft_13
yrdb3204,yft_14
yrdb3205,yft_15
yrdb3206,yft_15
yrdb3207,yft_15
yrdb3208,yft_5
yrdb3209,yft_45
yrdb3210,yft_5
yrdb3211,
yrdb3212,yft_5
yrdb3213,yft_21
yrdb3214,
yrdb3215,yft_38
yrdb3216,yft_6
yrdb3217,yft_5
yrdb3218,
yrdb3219,yft_9
yrdb3220,yft_9
yrdb3221,yft_14
yrdb3222,yft_23
yrdb3223,yft_9
yrdb3224,yft_14
yrdb3225,yft_9
yrdb3226,yft_9
yrdb3227,yft_9
yrdb3228,yft_47
yrdb3229,yft_31
yrdb3230,yft_5
yrdb3231,yft_14
yrdb3232,
yrdb3233,yft_24
yrdb3234,yft_9
yrdb3235,yft_16
yrdb3236,
yrdb3237,yft_5
yrdb3238,yft_47
yrdb3239,yft_6
yrdb3240,yft_33
yrdb3241,
yrdb3242,yft_37
yrdb3243,
yrdb3244,yft_9
yrdb3245,yft_6
yrdb3246,yft_9
yrdb3247,yft_17
yrdb3247,yft_27
yrdb3249,yft_19
yrdb3250,yft_5
yrdb3251,
yrdb3252,yft_3
yrdb3253,
yrdb3254,
yrdb3255,
yrdb3256,yft_9
yrdb3257,yft_39
yrdb3258,
yrdb3260,yft_9
yrdb3261,yft_6
yrdb3263,yft_6
yrdb3264,yft_5
yrdb3265,yft_6
yrdb3266,yft_9
yrdb3267,
yrdb3268,yft_24
yrdb3269,
yrdb3270,
yrdb3271,yft_14
yrdb3273,
yrdb3274,yft_40
yrdb3275,yft_26
yrdb3276,yft_6
yrdb3277,yft_9
yrdb3278,yft_24
yrdb3279,
yrdb3280,yft_20
yrdb3280,yft_29
yrdb3281,yft_31
yrdb3282,yft_30
yrdb3283,yft_33
yrdb3284,
yrdb3285,yft_30
yrdb3286,yft_6
yrdb3288,yft_10
yrdb3289,yft_9
yrdb3290,
yrdb3291,
yrdb3292,yft_35
yrdb3293,yft_6
yrdb3294,yft_32
yrdb3295,
yrdb3297,yft_4
yrdb3298,yft_32
yrdb3299,yft_6
yrdb3301,yft_9
yrdb3302,yft_38
yrdb3303,yft_13
yrdb3304,
yrdb3305,yft_42
yrdb3306,yft_5
yrdb3307,yft_36
yrdb3308,yft_6
yrdb3309,yft_23
yrdb3310,yft_33
yrdb3311,
yrdb3313,yft_15
yrdb3314,yft_49
yrdb3315,yft_47
yrdb3316,
yrdb3317,
yrdb3318,yft_5
yrdb3319,yft_14
yrdb3320,yft_6
yrdb3323,yft_9
yrdb3324,yft_44
yrdb3325,yft_32
yrdb3326,yft_9
yrdb3328,yft_9
yrdb3329,
yrdb3330,yft_14
yrdb3331,
yrdb3332,yft_33
yrdb3333,
yrdb3334,yft_20
yrdb3334,yft_29
yrdb3335,yft_47
yrdb3336,
yrdb3337,
yrdb3338,yft_23
yrdb3339,yft_15
yrdb3340,yft_9
yrdb3341,yft_14
yrdb3343,yft_30
yrdb3344,yft_15
yrdb3346,yft_10
yrdb3347,yft_10
yrdb3348,yft_15
yrdb3349,yft_44
yrdb3350,yft_9
yrdb3351,yft_39
yrdb3352,yft_24
yrdb3353,
yrdb3354,yft_33
yrdb3355,yft_23
yrdb3356,yft_18
yrdb3357,
yrdb3358,yft_23
yrdb3360,yft_9
yrdb3361,yft_17
yrdb3361,yft_27
yrdb3362,yft_33
yrdb3363,yft_9
yrdb3364,
yrdb3365,yft_32
yrdb3366,yft_22
yrdb3368,yft_43
yrdb3369,yft_9
yrdb3370,
yrdb3371,yft_31
yrdb3372,yft_32
yrdb3373,yft_9
yrdb3374,yft_13
yrdb3375,yft_15
yrdb3376,
yrdb3377,yft_30
yrdb3378,yft_9
yrdb3379,yft_43
yrdb3380,yft_14
yrdb3381,
yrdb3382,yft_39
yrdb3383,
yrdb3384,yft_23
yrdb3385,yft_24
yrdb3386,yft_14
yrdb3388,yft_43
yrdb3389,
yrdb3390,yft_13
yrdb3391,yft_14
yrdb3392,
yrdb3393,yft_30
yrdb3394,yft_17
yrdb3394,yft_27
yrdb3395,yft_20
yrdb3395,yft_29
yrdb3396,yft_10
yrdb3397,
yrdb3398,
yrdb3399,yft_30
yrdb3400,yft_33
yrdb3401,
yrdb3404,
yrdb3405,yft_6
yrdb3406,
yrdb3408,
yrdb3409,yft_13
yrdb3410,
yrdb3411,yft_15
yrdb3413,yft_44
yrdb3414,
yrdb3417,
yrdb3418,
yrdb3419,
yrdb3420,
yrdb3421,yft_6
yrdb3422,yft_26
yrdb3423,yft_13
yrdb3424,yft_30
yrdb3425,
yrdb3426,yft_39
yrdb3427,yft_33
yrdb3428,yft_5
yrdb3429,yft_7
yrdb3429,yft_12
yrdb3431,yft_6
yrdb3433,yft_8
yrdb3435,yft_14
yrdb3436,yft_33
yrdb3437,yft_26
yrdb3438,yft_39
yrdb3439,yft_30
yrdb3440,yft_33
yrdb3441,yft_17
yrdb3441,yft_27
yrdb3442,
yrdb3443,yft_46
yrdb3444,yft_35
yrdb3445,
yrdb3446,yft_40
yrdb3447,
yrdb3448,
yrdb3449,yft_5
yrdb3451,yft_33
yrdb3452,yft_9
yrdb3454,yft_19
yrdb3455,yft_33
yrdb3456,yft_9
yrdb3457,yft_28
yrdb3458,
yrdb3460,
yrdb3461,yft_33
yrdb3462,
yrdb3463,yft_43
yrdb3464,yft_22
yrdb3465,yft_6
yrdb3466,yft_20
yrdb3466,yft_29
yrdb3467,yft_40
yrdb3468,yft_18
yrdb3470,
yrdb3471,
yrdb3472,yft_9
yrdb3473,yft_38
yrdb3474,yft_25
yrdb3475,yft_20
yrdb3475,yft_29
yrdb3476,yft_14
yrdb3477,yft_24
yrdb3478,yft_32
yrdb3479,yft_33
yrdb3480,yft_9
yrdb3481,
yrdb3482,yft_39
yrdb3483,yft_46
yrdb3484,yft_21
yrdb3485,yft_33
yrdb3486,yft_10
yrdb3487,yft_43
yrdb3488,yft_6
yrdb3489,yft_11
yrdb3490,
yrdb3491,
yrdb3492,
yrdb3493,yft_15
yrdb3494,
yrdb3496,yft_17
yrdb3496,yft_27
yrdb3497,yft_13
yrdb3498,yft_9
yrdb3499,yft_44
yrdb3500,yft_15
yrdb3501,yft_16
yrdb3502,yft_46
yrdb3503,
yrdb3504,
yrdb3505,yft_14
yrdb3506,yft_41
yrdb3507,yft_25
yrdb3508,yft_6
yrdb3509,yft_44
yrdb3510,yft_13
yrdb3511,yft_14
yrdb3512,
yrdb3513,
yrdb3514,yft_31
yrdb3515,yft_24
yrdb3516,yft_33
yrdb3517,yft_14
yrdb3518,
yrdb3519,yft_28
yrdb3520,
yrdb3521,yft_31
yrdb3522,
yrdb3523,yft_9
yrdb3525,yft_31
yrdb3526,yft_15
yrdb3527,yft_33
yrdb3528,yft_21
yrdb3529,yft_6
yrdb3530,yft_26
yrdb3531,yft_24
yrdb3532,yft_5
yrdb3534,yft_6
yrdb3535,yft_9
yrdb3536,yft_24
yrdb3538,yft_9
yrdb3539,yft_9
yrdb3541,yft_14
yrdb3542,
yrdb3543,yft_13
yrdb3544,yft_18
yrdb3545,yft_33
yrdb3546,
yrdb3547,yft_13
yrdb3548,yft_15
yrdb3549,yft_31
yrdb3550,
yrdb3552,yft_9
yrdb3553,yft_13
yrdb3555,yft_13
yrdb3556,yft_16
yrdb3557,yft_33
yrdb3558,yft_20
yrdb3558,yft_29
yrdb3561,yft_17
yrdb3561,yft_27
yrdb3562,yft_14
yrdb3563,yft_9
yrdb3564,yft_9
yrdb3565,yft_9
yrdb3566,yft_9
yrdb3567,yft_9
yrdb3568,yft_14
yrdb3569,yft_25
yrdb3570,yft_13
yrdb3571,yft_14
yrdb3572,yft_16
yrdb3573,yft_16
yrdb3574,yft_14
yrdb3577,
yrdb3578,yft_44
yrdb3579,yft_45
yrdb3580,yft_7
yrdb3580,yft_12
yrdb3581,yft_6
yrdb3584,yft_6
yrdb3585,yft_23
yrdb3586,yft_6
yrdb3587,yft_6
yrdb3588,yft_6
yrdb3589,yft_6
yrdb3590,yft_6
yrdb3591,yft_6
yrdb3593,yft_6
yrdb3594,yft_11
yrdb3596,yft_23
yrdb3597,yft_6
yrdb3598,yft_7
yrdb3598,yft_12
yrdb3600,yft_39
yrdb3601,yft_40
yrdb3602,
yrdb3603,
yrdb3604,yft_11
yrdb3605,yft_6
yrdb3606,yft_6
yrdb3607,yft_44
yrdb3608,yft_5
yrdb3610,yft_7
yrdb3610,yft_12
yrdb3611,yft_5
yrdb3612,yft_6
yrdb3613,yft_5
yrdb3614,yft_5
yrdb3615,yft_5
yrdb3617,
yrdb3619,yft_7
yrdb3619,yft_12
yrdb3620,
yrdb3622,yft_32
yrdb3623,yft_32
yrdb3624,yft_31
yrdb3625,yft_32
yrdb3626,yft_32
yrdb3627,yft_32
yrdb3628,yft_39
yrdb3629,yft_31
yrdb3630,yft_14
yrdb3631,
yrdb3632,yft_31
yrdb3633,yft_23
yrdb3634,
yrdb3635,yft_40
yrdb3636,
yrdb3637,
yrdb3638,yft_6
yrdb3639,
yrdb3640,yft_30
yrdb3641,yft_33
yrdb3642,
yrdb3643,
yrdb3644,
yrdb3645,yft_6
yrdb3646,yft_14
yrdb3647,yft_9
yrdb3649,yft_6
yrdb3651,yft_6
yrdb3653,yft_6
yrdb3654,
yrdb3655,
yrdb3656,yft_15
yrdb3657,
yrdb3658,
yrdb3659,
yrdb3661,yft_8
yrdb3662,
yrdb3664,
yrdb3665,
yrdb3666,
yrdb3667,
yrdb3668,
yrdb3669,
yrdb3670,
yrdb3671,
yrdb3672,
yrdb3673,
yrdb3674,
yrdb3675,
yrdb3676,
yrdb3677,
yrdb3678,yft_13
yrdb3679,
yrdb3680,
yrdb3681,yft_13
yrdb3682,yft_13
yrdb3683,yft_13
yrdb3684,yft_25
yrdb3685,yft_32
yrdb3686,
yrdb3687,yft_13
yrdb3688,yft_19
yrdb3689,yft_13
yrdb3690,
yrdb3692,
yrdb3693,
yrdb3694,
yrdb3695,
yrdb3696,yft_13
yrdb3697,yft_14
yrdb3698,yft_15
yrdb3699,yft_43
yrdb3700,yft_15
yrdb3701,yft_15
yrdb3702,yft_24
yrdb3703,yft_17
yrdb3703,yft_27
yrdb3704,yft_9
yrdb3705,yft_15
yrdb3706,
yrdb3707,
yrdb3708,
yrdb3710,yft_15
yrdb3711,yft_18
yrdb3712,yft_34
yrdb3713,yft_18
yrdb3714,yft_24
yrdb3715,yft_18
yrdb3716,yft_10
yrdb3717,yft_16
yrdb3718,yft_24
yrdb3719,
yrdb3720,
yrdb3721,yft_9
yrdb3722,yft_16
yrdb3723,yft_19
yrdb3724,yft_9
yrdb3725,yft_16
yrdb3726,
yrdb3727,yft_39
yrdb3728,yft_9
yrdb3729,yft_9
yrdb3730,yft_33
yrdb3731,yft_9
yrdb3732,yft_15
yrdb3733,yft_30
yrdb3734,yft_13
yrdb3735,
yrdb3736,yft_16
yrdb3737,yft_16
yrdb3738,yft_13
yrdb3739,
yrdb3740,yft_31
yrdb3741,yft_14
yrdb3742,yft_19
yrdb3743,yft_15
yrdb3744,yft_14
yrdb3745,yft_15
yrdb3746,yft_14
yrdb3747,yft_9
yrdb3748,yft_40
yrdb3749,
yrdb3750,yft_24
yrdb3751,yft_24
yrdb3752,yft_14
yrdb3753,yft_13
yrdb3754,yft_14
yrdb3755,yft_9
yrdb3756,yft_9
yrdb3757,yft_14
yrdb3758,yft_9
yrdb3759,yft_9
yrdb3760,yft_9
yrdb3761,yft_9
yrdb3762,yft_9
yrdb3763,yft_9
yrdb3764,yft_9
yrdb3765,yft_9
yrdb3766,yft_10
yrdb3767,
yrdb3768,yft_8
yrdb3769,yft_9
yrdb3770,yft_9
yrdb3771,yft_9
yrdb3772,yft_14
yrdb3773,yft_9
yrdb3774,yft_19
yrdb3775,yft_9
yrdb3776,yft_24
yrdb3777,yft_9
yrdb3778,yft_9
yrdb3779,
yrdb3780,
yrdb3781,yft_32
yrdb3782,
yrdb3783,
yrdb3784,
yrdb3785,
yrdb3786,
yrdb3787,yft_16
yrdb3788,yft_23
yrdb3789,yft_23
yrdb3790,yft_16
yrdb3791,yft_16
yrdb3792,yft_16
yrdb3793,yft_9
yrdb3794,yft_16
yrdb3795,yft_9
yrdb3796,
yrdb3797,yft_14
yrdb3798,yft_9
