yrdb_id,tr_title,ch_pinyin
yrdb1,交口鎮,jiaokou zhen
yrdb2,交河,jiao he
yrdb3,交漳村,jiaozhang cun
yrdb6,交道鎮,jiaodao zhen
yrdb7,亦雜石營,yizashi ying
yrdb8,享堂,xiangtang
yrdb9,京,jing
yrdb10,京東,jingdong
yrdb11,京東埽,jingdong sao
yrdb12,京東西路,jingdongxi lu
yrdb13,京東諸郡,jingdongzhu jun
yrdb14,京東路,jingdong lu
yrdb16,京兆府,jingzhao fu
yrdb17,京安鎮,jingan zhen
yrdb18,京山縣,jingshan xian
yrdb20,京畿,jingji
yrdb21,京西路,jingxi lu
yrdb22,京陵城,jingling cheng
yrdb23,亭口鎮,tingkou zhen
yrdb24,亳縣,bo xian
yrdb25,亳州,bo zhou
yrdb26,亳社屯,boshe tun
yrdb27,什字川堡,shizichuan bao
yrdb28,什賁,shiben
yrdb29,什貼鎮,shitie zhen
yrdb30,仁和汛,renhexun
yrdb31,仁文鎮,renwen zhen
yrdb32,仇池壁,qiuchibi
yrdb34,介休縣,jiexiu xian
yrdb36,倉城,cang cheng
yrdb37,付村,fu cun
yrdb38,仙密寺,xianmi si
yrdb39,代州,dai zhou
yrdb40,代來城,dailai cheng
yrdb41,儀封縣,yifeng xian
yrdb43,任城縣,rencheng xian
yrdb44,任村沙谷口,rencunshagu kou
yrdb45,伊克錫巴爾,yikexibaer
yrdb46,伊是,yishi
yrdb47,伊河,yi he
yrdb48,伊洛河,yiluo he
yrdb49,伊闕,yique
yrdb53,伍家營,wujia ying
yrdb54,眾興鎮,zhongxing zhen
yrdb55,會州城,huizhou cheng
yrdb56,會稽山,kuaiji shan
yrdb57,會通河,huitong he
yrdb58,伯士鎮,boshi zhen
yrdb59,何家堡,hejia pu
yrdb60,何家營,hejia ying
yrdb61,何家集,hejia ji
yrdb62,河王莊,hewang zhuang
yrdb63,佘泰,shetai
yrdb64,余吾,yuwu
yrdb66,佛爺坪,foye ping
yrdb67,依克沙巴爾,yikeshabaer
yrdb68,侯壁寨,houbi zhai
yrdb69,侯家林,houjialin
yrdb70,侯家樓,houjialou
yrdb71,侯家潭,houjiatan
yrdb72,侯馬鎮,houma zhen
yrdb73,俄博溝莊,ebogou zhuang
yrdb74,保寧堡,baoning bao
yrdb75,保安,baoan
yrdb76,保安軍,baoan jun
yrdb77,保安堡,baoan bao
yrdb78,保安站,baoan zhan
yrdb79,保安鎮,baoan zhen
yrdb80,保定軍,baoding jun
yrdb81,信都,xindu
yrdb82,修武,xiuwu
yrdb83,倒回谷,daohui gu
yrdb84,偃師,yanshi
yrdb86,偏關,pian guan
yrdb87,偏嶺口,pianling kou
yrdb88,偏橋鎮,pianqiao zhen
yrdb89,停口鎮,tingkou zhen
yrdb90,傅家莊,fujia zhuang
yrdb91,傅家灣,fujia wan
yrdb92,僧念堡,sengnian bao
yrdb93,僧樓鎮,senglou zhen
yrdb94,允街,yunjie
yrdb95,元城,yuan cheng
yrdb96,元城子,yuanchengzi
yrdb97,元里,yuanli
yrdb98,先俞,xianyu
yrdb99,光化,guanghua
yrdb100,光狼城,guanglang cheng
yrdb101,光祿城,guanglu cheng
yrdb102,光祿村,guanglu cun
yrdb103,兔兒阪鎮,tuerban zhen
yrdb104,兔源河,tuyuan he
yrdb105,兗,yan
yrdb107,黨原,dangyuan
yrdb108,黨家腰崄,dangjiayaoxian
yrdb109,黨山鋪,dangshan pu
yrdb110,八十家子,bashijiazi
yrdb111,八堡,ba bao
yrdb112,八政堡,bazheng bao
yrdb113,八柳樹,baliushu
yrdb115,八柳樹堡,baliushu bao
yrdb116,八白室,babaishi
yrdb117,八營,ba ying
yrdb118,八角,bajiao
yrdb119,八角樓,bajiaolou
yrdb120,八角河口,bajiaohe kou
yrdb121,八里廟,bali miao
yrdb122,八里灣,bali wan
yrdb123,六堡,liu bao
yrdb124,六墩,liudun
yrdb125,六壁,liubi
yrdb127,六套,liutao
yrdb128,六安縣,luan xian
yrdb129,六嶺關,liuling guan
yrdb130,六明鎮,liuming zhen
yrdb131,六輔渠,liufu qu
yrdb133,蘭儀縣,lanyi xian
yrdb134,蘭州,lan zhou
yrdb135,蘭莊,lan zhuang
yrdb136,蘭池,lanchi
yrdb138,蘭泉站,lanquan zhan
yrdb139,蘭陽縣,lanyang xian
yrdb141,共,gong
yrdb142,共城,gong cheng
yrdb143,關東,guandong
yrdb144,關中,guanzhong
yrdb145,關內,guannei
yrdb146,關城,guan cheng
yrdb148,關山,guan shan
yrdb149,關山鎮,guanshan zhen
yrdb150,關河隘口,guanheai kou
yrdb151,關輔,guanfu
yrdb152,關門口,guanmen kou
yrdb153,興仁,xingren
yrdb154,興化,xinghua
yrdb155,興化軍,xinghua jun
yrdb156,興國,xing guo
yrdb157,興安府,xingan fu
yrdb158,興州,xing zhou
yrdb159,興市鎮,xingshi zhen
yrdb160,興德關,xingde guan
yrdb161,興武營堡,xingwuying bao
yrdb162,興濟,xingji
yrdb163,茲氏,zishi
yrdb164,冀,ji
yrdb166,冀縣,ji xian
yrdb167,冀寧路,jining lu
yrdb168,冀州,ji zhou
yrdb169,冀村,ji cun
yrdb171,冀氏鎮,jishi zhen
yrdb172,內官營堡,neiguanying bao
yrdb173,內蒙古,neimenggu
yrdb174,內黃縣,neihuang xian
yrdb175,岡王馬頭,gangwangmatou
yrdb176,冉店,randian
yrdb178,軍渡,jun du
yrdb179,冠縣,guan xian
yrdb180,冠爵津,guanjue jin
yrdb181,馮佐村,fengzuo cun
yrdb182,馮原鎮,fengyuan zhen
yrdb183,馮坡鎮,fengpo zhen
yrdb184,馮家會村,fengjiahui cun
yrdb185,馮家口,fengjia kou
yrdb186,馮家堡,fengjia pu
yrdb187,馮家莊,fengjia zhuang
yrdb188,馮市鎮,fengshi zhen
yrdb189,馮雷鎮,fenglei zhen
yrdb190,冰溝堡,binggou bao
yrdb191,冶谷堡,yegu bao
yrdb192,冷泉關,lengquan guan
yrdb193,準安府,zhunan fu
yrdb194,準格爾,zhungeer
yrdb195,涼,liang
yrdb196,淩家莊,lingjia zhuang
yrdb197,幾陽亭,jiyang ting
yrdb198,鳳尾鎮,fengwei zhen
yrdb199,鳳州,feng zhou
yrdb200,鳳翔縣,fengxiang xian
yrdb201,鳳翔府,fengxiang fu
yrdb202,鳳陽,fengyang
yrdb203,出頭山,chutou shan
yrdb205,函谷關,hangu guan
yrdb207,鑿臺,zaotai
yrdb208,刁家庵,diaojiaan
yrdb209,刁馬河,diaoma he
yrdb210,劉亭,liu ting
yrdb211,劉伶,liuling
yrdb212,劉獸醫口,liushouyi kou
yrdb213,劉口,liu kou
yrdb214,劉家口,liujia kou
yrdb215,劉家莊,liujia zhuang
yrdb216,劉家店,liujiadian
yrdb217,劉旺莊,liuwang zhuang
yrdb218,劉村寨,liucun zhai
yrdb219,劉柳村,liuliu cun
yrdb220,劉聚,liuju
yrdb221,判官村,panguan cun
yrdb222,利仁閘,lirenzha
yrdb223,利國冶,liguoye
yrdb224,利州,li zhou
yrdb225,利州路,lizhou lu
yrdb226,利橋堡,liqiao bao
yrdb227,利民堡,limin bao
yrdb228,利津,li jin
yrdb230,製虜塞,zhilusai
yrdb231,剋狐寨,kehu zhai
yrdb232,前亭,qian ting
yrdb233,劇陽,juyang
yrdb234,副陽,fuyang
yrdb235,加鬥寨,jiadou zhai
yrdb236,務鄉,wu xiang
yrdb237,助馬,zhuma
yrdb239,勞山鎮,laoshan zhen
yrdb240,勃海,bohai
yrdb241,包頭村,baotou cun
yrdb242,匈歸障,xiongguizhang
yrdb243,化樂鎮,huale zhen
yrdb244,化平川廳,huapingchuan ting
yrdb245,北中城,beizhong cheng
yrdb246,北京,beijing
yrdb248,北蔔渡,beibo du
yrdb249,北原,beiyuan
yrdb251,北屈,beiqu
yrdb252,北岸二套口,beianertao kou
yrdb254,北岸花山,beianhua shan
yrdb255,北川營,beichuan ying
yrdb256,北樓口,beilou kou
yrdb257,北流堡,beiliu bao
yrdb258,北海,beihai
yrdb259,北海郡,beihai jun
yrdb260,北清河,beiqing he
yrdb261,北相堡,beixiang bao
yrdb262,北董堡,beidong bao
yrdb263,北谷鎮,beigu zhen
yrdb264,北賈鎮,beijia zhen
yrdb265,北邵,beishao
yrdb266,匙頭灣,chitou wan
yrdb267,匡口鎮,kuangkou zhen
yrdb268,十一堡,shiyi bao
yrdb269,十七堡,shiqi bao
yrdb270,十七鋪口,shiqipu kou
yrdb271,十三堡,shisan bao
yrdb272,十三里橋,shisanli qiao
yrdb273,十九堡,shijiu bao
yrdb274,十八堡,shiba bao
yrdb275,十八里屯,shibali tun
yrdb276,十八里鋪,shibali pu
yrdb277,十四堡,shisi bao
yrdb278,十堡,shi bao
yrdb279,十字川,shizi chuan
yrdb280,十字鎮,shizi zhen
yrdb281,十里,shili
yrdb282,十里堡,shili pu
yrdb283,十里鋪,shili pu
yrdb284,十里長灘,shilichang tan
yrdb285,千乘,qiansheng
yrdb286,千畝,qianmu
yrdb288,千戶莊堡,qianhuzhuang bao
yrdb289,千秋亭,qianqiu ting
yrdb290,千金堨,qianjine
yrdb291,升州,sheng zhou
yrdb292,升店,shengdian
yrdb293,午溝,wu gou
yrdb295,華亭,hua ting
yrdb296,華亭下關,huatingxia guan
yrdb297,華家嶺,huajia ling
yrdb298,華山,hua shan
yrdb299,華州,hua zhou
yrdb300,華池,huachi
yrdb302,華谷城,huagu cheng
yrdb303,華陰,huayin
yrdb305,卓家莊,zhuojia zhuang
yrdb306,單縣,shan xian
yrdb308,單家口,danjia kou
yrdb309,單家莊,danjia zhuang
yrdb310,單家樓,danjialou
yrdb311,單州,dan zhou
yrdb312,單父,danfu
yrdb313,單路口,danlu kou
yrdb314,南樂,nanle
yrdb315,南京路,nanjing lu
yrdb316,南仁寨,nanren zhai
yrdb317,南關,nan guan
yrdb318,南劍州,nanjian zhou
yrdb319,南華縣,nanhua xian
yrdb320,南大通堡,nandatong bao
yrdb322,南宮,nan gong
yrdb323,南岸,nanan
yrdb325,南川營,nanchuan ying
yrdb326,南平城,nanping cheng
yrdb327,南康路,nankang lu
yrdb328,南村,nan cun
yrdb330,南柴堡,nanchai bao
yrdb331,南樊寨,nanfan zhai
yrdb332,南沙堤,nansha di
yrdb333,南河廳,nanhe ting
yrdb334,南泉寨,nanquan zhai
yrdb335,南泥灣,nanni wan
yrdb336,南清河,nanqing he
yrdb337,南王村,nanwang cun
yrdb338,南皮,nanpi
yrdb339,南直隸,nanzhili
yrdb340,南豫州,nanyu zhou
yrdb341,南陽,nanyang
yrdb342,南陽岡,nanyanggang
yrdb343,南陽村,nanyang cun
yrdb345,南青州,nanqing zhou
yrdb346,南頓,nandun
yrdb347,南馬鎮,nanma zhen
yrdb348,博興,boxing
yrdb349,博州,bo zhou
yrdb350,博平,boping
yrdb351,博望苑,bowang yuan
yrdb352,博愛,boai
yrdb353,博羅鄂博廟,boluoebo miao
yrdb354,博陵坡,bolingpo
yrdb355,盧氏,lushi
yrdb356,盧溝堤,lugou di
yrdb357,盧靈關,luling guan
yrdb358,臥龍山,wolong shan
yrdb359,衛南,weinan
yrdb360,衛縣,wei xian
yrdb361,衛州,wei zhou
yrdb362,衛河,wei he
yrdb363,衛輝,weihui
yrdb364,衛輝府,weihui fu
yrdb365,衛輝路,weihui lu
yrdb366,卷縣,juan xian
yrdb367,歷亭縣,liting xian
yrdb368,歷城,li cheng
yrdb369,歷城縣,licheng xian
yrdb370,厭次,yanci
yrdb371,厚子鎮,houzi zhen
yrdb372,厚畛子,houzhenzi
yrdb373,原,yuan
yrdb374,原鄉,yuan xiang
yrdb375,原亭,yuan ting
yrdb376,原平站,yuanping zhan
yrdb378,原村,yuan cun
yrdb379,原武,yuanwu
yrdb380,原武縣,yuanwu xian
yrdb381,原陽,yuanyang
yrdb382,縣頭鎮,xiantou zhen
yrdb383,參合陘,canhexing
yrdb384,雙城堡,shuangcheng bao
yrdb385,雙堌集,shuanggu ji
yrdb386,雙山堡,shuangshan bao
yrdb387,雙峰堡,shuangfeng bao
yrdb388,雙廟灣,shuangmiao wan
yrdb389,雙池鎮,shuangchi zhen
yrdb390,雙溝,shuang gou
yrdb392,雙溝墩,shuanggoudun
yrdb393,雙河口,shuanghe kou
yrdb394,雙湖峪,shuanghuyu
yrdb395,叚家莊,jiajia zhuang
yrdb396,口前村,kouqian cun
yrdb397,古北口,gubei kou
yrdb398,古城,gu cheng
yrdb400,古巨野,gujuye
yrdb401,古水井堡,gushuijing bao
yrdb402,古邳鎮,gupi zhen
yrdb403,古鄯驛,gushan yi
yrdb404,古驛鎮,guyi zhen
yrdb405,臺州,tai zhou
yrdb406,臺懷鎮,taihuai zhen
yrdb407,臺罕木,taihanmu
yrdb408,臺音布喇,taiyinbula
yrdb409,史家莊,shijia zhuang
yrdb410,史村驛,shicun yi
yrdb411,葉升堡,yesheng bao
yrdb412,葉家營,yejia ying
yrdb413,號非苑,haofei yuan
yrdb414,司州,si zhou
yrdb415,司李莊,sili zhuang
yrdb416,司鹽城,siyan cheng
yrdb417,司馬村堡,simacun bao
yrdb418,合道街,hedaojie
yrdb419,合陽,heyang
yrdb420,吉縣,ji xian
yrdb421,吉城鎮,jicheng zhen
yrdb422,吉子村,jizi cun
yrdb423,吉家口,jijia kou
yrdb424,吉州,ji zhou
yrdb425,同官,tongguan
yrdb426,同州,tong zhou
yrdb427,半個城,bange cheng
yrdb428,同戈站,tongge zhan
yrdb429,同谷縣,tonggu xian
yrdb430,後子河,houzi he
yrdb431,後鄭家莊,houzhengjia zhuang
yrdb432,高平,gaoping
yrdb433,呂家口,lüjia kou
yrdb434,呂家窪,lüjiawa
yrdb435,呂樓村,lülou cun
yrdb436,呂梁城,lüliang cheng
yrdb437,呂梁洪,lülianghong
yrdb438,君子津,junzi jin
yrdb442,吳城,wu cheng
yrdb443,吳城鎮,wucheng zhen
yrdb444,吳士舉莊,wushiju zhuang
yrdb445,吳家堂,wujiatang
yrdb446,吳家寨,wujia zhai
yrdb447,吳家莊,wujia zhuang
yrdb448,吳家集,wujia ji
yrdb449,吳山,wu shan
yrdb450,吳忠堡,wuzhong bao
yrdb451,吳旗鎮,wuqi zhen
yrdb452,吳村鎮,wucun zhen
yrdb453,吳橋,wu qiao
yrdb454,吳王寨,wuwang zhai
yrdb455,吳良玉口,wuliangyu kou
yrdb456,吳闌呼土,wulanhutu
yrdb457,吳陽,wuyang
yrdb458,虞,yu
yrdb459,吾兒谷,wuer gu
yrdb460,周,zhou
yrdb461,周家崄,zhoujiaxian
yrdb462,周家橋,zhoujia qiao
yrdb463,周家樓,zhoujialou
yrdb464,周平,zhouping
yrdb465,周至,zhouzhi
yrdb466,周陽,zhouyang
yrdb469,命瓜,minggua
yrdb470,和尚原,heshangyuan
yrdb471,和尚坡,heshangpo
yrdb472,和川,he chuan
yrdb473,和州,he zhou
yrdb474,和政驛,hezheng yi
yrdb475,鹹宜關,xianyi guan
yrdb477,鹹陽,xianyang
yrdb478,哈剌寨,hala zhai
yrdb479,哈喇沁,halaqin
yrdb480,哈朗兀,halangwu
yrdb481,響水堡,xiangshui bao
yrdb482,啞柏鎮,yabai zhen
yrdb483,哲格蘇,zhegesu
yrdb484,唐,tang
yrdb485,唐城,tang cheng
yrdb486,唐家會堡,tangjiahui bao
yrdb487,唐家灣,tangjia wan
yrdb488,唐州,tang zhou
yrdb489,唐徠渠,tanglai qu
yrdb490,唐王川,tangwang chuan
yrdb491,唐聚,tangju
yrdb493,商丘,shang qiu
yrdb495,商水,shang shui
yrdb496,商河,shang he
yrdb497,商洛,shangluo
yrdb498,商胡埽,shanghu sao
yrdb499,商虞廳,shangyu ting
yrdb501,善岱,shandai
yrdb502,喇嘛川,lama chuan
yrdb503,喇課營,lake ying
yrdb504,嘉祥,jiaxiang
yrdb505,囂,xiao
yrdb506,四十里鋪,sishili pu
yrdb507,四聖村,sisheng cun
yrdb508,四埽,si sao
yrdb509,四堡,si bao
yrdb510,四川,si chuan
yrdb511,四川北部,sichuanbeibu
yrdb512,四川西北部,sichuanxibeibu
yrdb513,四州,si zhou
yrdb514,四皓鎮,sihao zhen
yrdb515,四鋪口,sipu kou
yrdb516,四鋪溝,sipu gou
yrdb517,四閘,sizha
yrdb518,回中,huizhong
yrdb519,回樂縣,huile xian
yrdb520,回城,hui cheng
yrdb521,回村,hui cun
yrdb522,回河寺,huihe si
yrdb523,回龍鎮,huilong zhen
yrdb524,團柏堡,tuanbai bao
yrdb525,團柏鎮,tuanbai zhen
yrdb526,園林驛,yuanlin yi
yrdb527,故關,gu guan
yrdb528,固城鎮,gucheng zhen
yrdb529,固鎮,gu zhen
yrdb530,圃田澤,putianze
yrdb531,圉鄉,yu xiang
yrdb532,圜丘,yuan qiu
yrdb534,土壩頭,tubatou
yrdb535,土城,tu cheng
yrdb536,土墱,tudeng
yrdb537,土嶺寨,tuling zhai
yrdb538,土橋鎮,tuqiao zhen
yrdb539,土樓,tulou
yrdb540,土河寨,tuhe zhai
yrdb541,土門,tumen
yrdb542,聖功橋,shenggong qiao
yrdb543,聖惠鎮,shenghui zhen
yrdb544,聖賢莊,shengxian zhuang
yrdb545,地邱店,diqiudian
yrdb546,均州,jun zhou
yrdb547,坊州,fang zhou
yrdb548,坌口鎮,benkou zhen
yrdb549,坎臺廟,kantai miao
yrdb550,坎陷聚,kanxianju
yrdb551,堅城集,jiancheng ji
yrdb552,壩門口,bamen kou
yrdb553,塢鄉,wu xiang
yrdb554,坡兒川,poer chuan
yrdb556,垣曲,yuanqu
yrdb559,城武縣,chengwu xian
yrdb560,埤是,pishi
yrdb561,埽頭,saotou
yrdb562,堌陽集,guyang ji
yrdb563,堰頭,yantou
yrdb564,塌橋口,taqiao kou
yrdb565,塔兒灣,taer wan
yrdb566,塔爾寺,taer si
yrdb567,塔山,ta shan
yrdb568,塔海莊,tahai zhuang
yrdb569,塘池,tangchi
yrdb570,塞門站,saimen zhan
yrdb571,境山,jing shan
yrdb573,墨蹬鎮,modeng zhen
yrdb574,壕峪村,haoyu cun
yrdb575,士鄉聚,shixiangju
yrdb576,壺丘亭,huqiu ting
yrdb577,壺關,hu guan
yrdb579,壺口,hu kou
yrdb582,復州,fu zhou
yrdb583,夏官營,xiaguan ying
yrdb584,夏家口,xiajia kou
yrdb585,夏家堡,xiajia pu
yrdb586,夏家馬路,xiajiama lu
yrdb587,夏州,xia zhou
yrdb588,夏店鎮,xiadian zhen
yrdb589,夏津,xia jin
yrdb590,夏米莊,xiami zhuang
yrdb591,夏邑縣,xiayi xian
yrdb592,夏鎮,xia zhen
yrdb593,夏門鎮,xiamen zhen
yrdb594,夏陽城,xiayang cheng
yrdb595,夏陽鎮,xiayang zhen
yrdb596,夔州,kui zhou
yrdb597,夕廠工,xichanggong
yrdb598,夕陽亭,xiyang ting
yrdb599,多爾濟,duoerji
yrdb600,大義鎮,dayi zhen
yrdb601,大伯當,dabodang
yrdb602,大伾,dapi
yrdb603,大興城,daxing cheng
yrdb604,大淩雲口,dalingyun kou
yrdb606,大名府,daming fu
yrdb608,大名西岸,damingxian
yrdb609,大吳埽,dawu sao
yrdb610,大壩堡,daba bao
yrdb611,大城,da cheng
yrdb613,大夏縣,daxia xian
yrdb614,大寧,daning
yrdb615,大安軍,daan jun
yrdb616,大寨,da zhai
yrdb617,大寨頭,dazhaitou
yrdb618,大寨莊,dazhai zhuang
yrdb619,大峽,daxia
yrdb620,大峪口,dayu kou
yrdb621,大峪嶺,dayu ling
yrdb622,大峪鎮,dayu zhen
yrdb623,大慶關,daqing guan
yrdb624,大度鎮,dadu zhen
yrdb625,大散關,dasan guan
yrdb626,大昌原,dachangyuan
yrdb627,大柏油堡,dabaiyou bao
yrdb628,大梁,daliang
yrdb629,大樓子,dalouzi
yrdb630,大榆谷,dayu gu
yrdb631,大武鎮,dawu zhen
yrdb632,大水口堡,dashuikou bao
yrdb633,大沙井堡,dashajing bao
yrdb634,大溝,da gou
yrdb635,大清口,daqing kou
yrdb636,大清河,daqing he
yrdb637,大灣,da wan
yrdb638,大灣嶺,dawan ling
yrdb639,大溜溝,daliu gou
yrdb640,大濱,dabin
yrdb641,大瀦潭,dazhutan
yrdb642,大王廟,dawang miao
yrdb643,大王鎮,dawang zhen
yrdb645,大社集,dashe ji
yrdb646,大索城,dasuo cheng
yrdb647,大羅鎮,daluo zhen
yrdb648,大茭陵,dajiaoling
yrdb649,大荔,dali
yrdb650,大蟲嶺,dachong ling
yrdb651,大解城,dajie cheng
yrdb652,大谷關,dagu guan
yrdb653,大谷口,dagu kou
yrdb654,大谷山,dagu shan
yrdb656,大賢鎮,daxian zhen
yrdb657,大辛莊,daxin zhuang
yrdb658,大通冶,datongye
yrdb659,大通口,datong kou
yrdb660,大通營,datong ying
yrdb661,大郭家,daguojia
yrdb664,大陵城,daling cheng
yrdb665,大順寨,dashun zhai
yrdb666,大魯莊,dalu zhuang
yrdb667,大麥鎮,damai zhen
yrdb668,大黃寺,dahuang si
yrdb669,大黑河,dahei he
yrdb670,大龍口,dalong kou
yrdb671,天井關,tianjing guan
yrdb672,天臺埽,tiantai sao
yrdb673,天堂寺,tiantang si
yrdb674,天妃壩,tianfei ba
yrdb675,天成橋,tiancheng qiao
yrdb676,天池寨,tianchi zhai
yrdb677,天津,tian jin
yrdb678,天津橋,tianjin qiao
yrdb679,天然閘河,tianranzha he
yrdb680,天門,tianmen
yrdb681,天門關,tianmen guan
yrdb682,天麻寨,tianma zhai
yrdb683,太丘,tai qiu
yrdb684,太原,taiyuan
yrdb685,太和縣,taihe xian
yrdb686,太和嶺,taihe ling
yrdb688,太安驛,taian yi
yrdb689,太山郡,taishan jun
yrdb690,太峪口,taiyu kou
yrdb691,太平關,taiping guan
yrdb692,太平州,taiping zhou
yrdb693,太平店,taipingdian
yrdb694,太平鎮,taiping zhen
yrdb695,太康,taikang
yrdb697,太昌鎮,taichang zhen
yrdb698,太白鎮,taibai zhen
yrdb699,太行關,taihang guan
yrdb700,太行堤,taihang di
yrdb702,太香村,taixiang cun
yrdb703,太黃寺,taihuang si
yrdb704,頭堡,tou bao
yrdb705,頭塘,toutang
yrdb706,頭營,tou ying
yrdb707,奪火鎮,duohuo zhen
yrdb708,奇氏,qishi
yrdb709,奉先,fengxian
yrdb710,奉符,fengfu
yrdb711,奎山,kui shan
yrdb712,奎山店,kuishandian
yrdb713,契吳城,qiwu cheng
yrdb714,奡村,ao cun
yrdb716,好畤縣,haozhi xian
yrdb717,始昌城,shichang cheng
yrdb718,姑密,gumi
yrdb719,姚其營,yaoqi ying
yrdb720,姚家口,yaojia kou
yrdb721,姚家灣,yaojia wan
yrdb722,姚村,yao cun
yrdb723,姚福堡,yaofu bao
yrdb724,姚襄城,yaoxiang cheng
yrdb725,姜莊,jiang zhuang
yrdb726,姬磨站,jimo zhan
yrdb727,威縣,wei xian
yrdb728,威平堡,weiping bao
yrdb729,威戎,weirong
yrdb731,威武堡,weiwu bao
yrdb732,威遠堡,weiyuan bao
yrdb733,威鎮堡,weizhen bao
yrdb734,威魯堡,weilu bao
yrdb735,婁家莊,loujia zhuang
yrdb736,娘娘壩,niangniang ba
yrdb737,娘娘廟,niangniang miao
yrdb738,娘子關,niangzi guan
yrdb739,婺州,wu zhou
yrdb740,子午鎮,ziwu zhen
yrdb741,子房山,zifang shan
yrdb742,子洪鎮,zihong zhen
yrdb743,孔家莊,kongjia zhuang
yrdb744,孫古鎮,sungu zhen
yrdb745,孫家口,sunjia kou
yrdb746,孫家渡,sunjia du
yrdb747,孫家港,sunjiagang
yrdb748,孫家集,sunjia ji
yrdb749,孫村埽,suncun sao
yrdb750,孫港口,sungang kou
yrdb751,孫祿口,sunlu kou
yrdb752,孫繼口,sunji kou
yrdb753,孫耿鎮,sungeng zhen
yrdb754,孝義,xiaoyi
yrdb755,孝義里,xiaoyili
yrdb756,孝義鎮,xiaoyi zhen
yrdb757,孝莊,xiao zhuang
yrdb758,孝童,xiaotong
yrdb759,孟縣,meng xian
yrdb760,孟壩寺,mengba si
yrdb761,孟家埠口,mengjiabu kou
yrdb762,孟家峪,mengjiayu
yrdb763,孟家灣,mengjia wan
yrdb764,孟州,meng zhou
yrdb765,孟打工,mengdagong
yrdb766,孟津,meng jin
yrdb768,孟津口,mengjin kou
yrdb769,富平渡,fuping du
yrdb771,孟門鎮,mengmen zhen
yrdb772,孟陽,mengyang
yrdb773,季泰鎮,jitai zhen
yrdb774,孤山堡,gushan bao
yrdb775,孤店,gudian
yrdb778,寧化寨,ninghua zhai
yrdb779,寧化所,ninghuasuo
yrdb780,寧化鎮,ninghua zhen
yrdb781,寧縣,ning xian
yrdb782,寧國,ning guo
yrdb783,寧塞營,ningsai ying
yrdb784,寧夏,ningxia
yrdb786,寧安堡,ningan bao
yrdb787,寧州,ning zhou
yrdb788,寧朔縣,ningshuo xian
yrdb789,寧武,ningwu
yrdb790,寧河堡,ninghe bao
yrdb791,寧王村,ningwang cun
yrdb792,寧邊城,ningbian cheng
yrdb793,寧陵縣,ningling xian
yrdb794,寧魯堡,ninglu bao
yrdb795,守口堡,shoukou bao
yrdb796,安東,andong
yrdb797,山陽縣,shanyang xian
yrdb800,安豐,anfeng
yrdb801,安仁閘,anrenzha
yrdb802,安化寨,anhua zhai
yrdb803,安國鎮,anguo zhen
yrdb804,安夷城,anyi cheng
yrdb805,安寧堡,anning bao
yrdb806,安定堡,anding bao
yrdb807,安家莊,anjia zhuang
yrdb808,安家廟,anjia miao
yrdb809,安宿疃鎮,ansutuan zhen
yrdb810,安山鎮,anshan zhen
yrdb811,安平鎮,anping zhen
yrdb812,安徽,anhui
yrdb813,新關,xin guan
yrdb814,安故縣,angu xian
yrdb815,安昌鎮,anchang zhen
yrdb816,安次,anci
yrdb817,安民城,anmin cheng
yrdb818,安賜堡,anci bao
yrdb819,安邊堡,anbian bao
yrdb820,安陽,anyang
yrdb821,安陵城,anling cheng
yrdb822,安魯,anlu
yrdb823,宋口,song kou
yrdb824,宋國,song guo
yrdb826,宋城縣,songcheng xian
yrdb827,宋城堡,songcheng bao
yrdb828,宋家莊,songjia zhuang
yrdb829,宋家灣,songjia wan
yrdb830,宋州,song zhou
yrdb831,宋店,songdian
yrdb832,宗城,zong cheng
yrdb833,宗艾鎮,zongai zhen
yrdb834,官軍鎮,guanjun zhen
yrdb835,官堡,guan bao
yrdb836,官底鎮,guandi zhen
yrdb837,官橋堡,guanqiao bao
yrdb838,官菜園,guancaiyuan
yrdb839,定國寺,dingguo si
yrdb840,定羌,dingqiang
yrdb841,定襄,dingxiang
yrdb842,定邊營,dingbian ying
yrdb844,定遠驛,dingyuan yi
yrdb845,定鎮,ding zhen
yrdb846,定陽,dingyang
yrdb847,定陶,dingtao
yrdb848,宛馮,wanfeng
yrdb849,宜春苑,yichun yuan
yrdb851,長武縣,changwu xian
yrdb852,寶豐縣,baofeng xian
yrdb853,寶應,baoying
yrdb854,宣和堡,xuanhe bao
yrdb855,宣大邊地,xuandabiandi
yrdb856,宣州,xuan zhou
yrdb857,宣曲,xuanqu
yrdb858,宣武衛,xuanwuwei
yrdb859,宣武場,xuanwuchang
yrdb860,宮河鎮,gonghe zhen
yrdb861,寬叠連不剌站,kuandielianbula zhan
yrdb862,宿南廳,sunan ting
yrdb863,宿嵬口,suwei kou
yrdb864,宿州,su zhou
yrdb865,宿胥口,suxu kou
yrdb866,宿遷縣,suqian xian
yrdb867,密,mi
yrdb868,密州,mi zhou
yrdb869,密艾亭,miai ting
yrdb870,富家堡,fujia pu
yrdb871,富平,fuping
yrdb873,寒溝驛,hangou yi
yrdb874,寒湖鎮,hanhu zhen
yrdb875,察汗庫爾,chahankuer
yrdb876,察罕紮達海,chahanzhadahai
yrdb877,察罕腦兒站,chahannaoer zhan
yrdb878,寸金澱,cunjindian
yrdb879,對竹堡,duizhu bao
yrdb880,寺前鎮,siqian zhen
yrdb881,寺莊鎮,sizhuang zhen
yrdb882,尋麻橋,xunma qiao
yrdb883,壽州,shou zhou
yrdb884,壽張縣,shouzhang xian
yrdb885,壽陽城,shouyang cheng
yrdb886,封丘,feng qiu
yrdb889,封田,fengtian
yrdb892,封陵,fengling
yrdb893,射虎谷,shehu gu
yrdb894,射陽湖,sheyanghu
yrdb895,將軍會堡,jiangjunhui bao
yrdb896,將臺堡,jiangtai bao
yrdb897,將陵埽,jiangling sao
yrdb898,尉氏縣,weishi xian
yrdb899,小代堡,xiaodai bao
yrdb900,小劉莊,xiaoliu zhuang
yrdb901,小口,xiao kou
yrdb902,小吳埽,xiaowu sao
yrdb903,小壩子,xiaobazi
yrdb904,小宋集,xiaosong ji
yrdb905,小峽,xiaoxia
yrdb906,小平津關,xiaopingjin guan
yrdb907,小店,xiaodian
yrdb908,小店堡,xiaodian bao
yrdb909,小樓子,xiaolouzi
yrdb910,小榆谷,xiaoyu gu
yrdb911,小槐里,xiaohuaili
yrdb912,小河口,xiaohe kou
yrdb913,小流口,xiaoliu kou
yrdb914,小浮橋,xiaofu qiao
yrdb915,小清口,xiaoqing kou
yrdb916,小潭溪,xiaotanxi
yrdb917,小石口,xiaoshi kou
yrdb919,小金堤,xiaojin di
yrdb920,小黃村,xiaohuang cun
yrdb921,少梁,shaoliang
yrdb922,尚家口,shangjia kou
yrdb923,堯城鎮,yaocheng zhen
yrdb924,屍鄉,shi xiang
yrdb925,尹家衛鎮,yinjiawei zhen
yrdb926,屯子鎮,tunzi zhen
yrdb927,屯氏河,tunshi he
yrdb928,屯留,tunliu
yrdb929,山東,shandong
yrdb930,山東西路,shandongxi lu
yrdb931,山丹縣,shandan xian
yrdb932,山安廳,shanan ting
yrdb933,山寨鎮,shanzhai zhen
yrdb934,山河鎮,shanhe zhen
yrdb935,山盱廳,shanxu ting
yrdb936,山西,shanxi
yrdb937,山門鎮,shanmen zhen
yrdb938,山陽,shanyang
yrdb939,山陽縣,shanyang xian
yrdb940,岑原丘,cenyuan qiu
yrdb941,岔口,cha kou
yrdb942,岔口村,chakou cun
yrdb943,嵐關坪,languan ping
yrdb944,嵐州,lan zhou
yrdb945,關子嶺,guanzi ling
yrdb946,岱嶽鎮,daiyue zhen
yrdb947,嶽州,yue zhou
yrdb948,嶽新莊,yuexin zhuang
yrdb949,岷州,min zhou
yrdb950,岸門,anmen
yrdb951,峽口,xia kou
yrdb952,峽城,xia cheng
yrdb953,峽州,xia zhou
yrdb954,峣關,yao guan
yrdb955,峪口鎮,yukou zhen
yrdb956,峰山,feng shan
yrdb957,嶗峪口,laoyu kou
yrdb958,崇正鎮,chongzheng zhen
yrdb959,崇福埽,chongfu sao
yrdb960,崇禧寺,chongxi si
yrdb961,崇賢堡,chongxian bao
yrdb962,崇陽鎮,chongyang zhen
yrdb963,崔家口,cuijia kou
yrdb964,崔家崖,cuijiaya
yrdb965,崔楊壩,cuiyang ba
yrdb966,崔鎮,cui zhen
yrdb967,崿阪,eban
yrdb968,嵩縣,song xian
yrdb969,嶑水,xiang shui
yrdb971,巉口關,chankou guan
yrdb972,工巴寺,gongba si
yrdb973,左國城,zuoguo cheng
yrdb974,巧爾極,qiaoerji
yrdb975,巨野,juye
yrdb976,鞏縣,gong xian
yrdb977,巴公鎮,bagong zhen
yrdb978,巴爾蘇海,baersuhai
yrdb979,巴州驛,bazhou yi
yrdb980,巴暖三川營,banuansanchuan ying
yrdb981,巴燕灘,bayan tan
yrdb982,巴顏喀拉山,bayankala shan
yrdb983,布爾汗兔,buerhantu
yrdb984,師同橋,shitong qiao
yrdb985,師家寨,shijia zhai
yrdb986,席家堡站,xijiapu zhan
yrdb987,常樂堡,changle bao
yrdb988,常樂鎮,changle zhen
yrdb989,常樂驛,changle yi
yrdb990,常信堡,changxin bao
yrdb991,常頭壩,changtou ba
yrdb992,常州,chang zhou
yrdb993,常石頭堡,changshitou bao
yrdb994,幹河鎮,ganhe zhen
yrdb995,幹鹽池堡,ganyanchi bao
yrdb996,平樂觀,pingleguan
yrdb997,平涼,pingliang
yrdb998,平刑關,pingxing guan
yrdb999,平南川,pingnan chuan
yrdb1000,平原,pingyuan
yrdb1001,平原縣,pingyuan xian
yrdb1002,平縣,ping xian
yrdb1003,平周,pingzhou
yrdb1004,平城堡,pingcheng bao
yrdb1005,平城鎮,pingcheng zhen
yrdb1006,平子鎮,pingzi zhen
yrdb1007,平安鎮,pingan zhen
yrdb1008,平山墩,pingshandun
yrdb1009,平晉,pingjin
yrdb1010,平渡關,pingdu guan
yrdb1011,平灘堡,pingtan bao
yrdb1013,平潭站,pingtan zhan
yrdb1014,平絨驛,pingrong yi
yrdb1015,平羅,pingluo
yrdb1016,平羌堡,pingqiang bao
yrdb1017,平舒,pingshu
yrdb1018,平襄,pingxiang
yrdb1019,平譚城,pingtan cheng
yrdb1020,平遙縣,pingyao xian
yrdb1021,平邑,ping yi
yrdb1022,平陽,pingyang
yrdb1023,平陰,pingyin
yrdb1025,平陸,pinglu
yrdb1027,平順,pingshun
yrdb1028,並州,bing zhou
yrdb1029,幸城,xing cheng
yrdb1030,幽州,you zhou
yrdb1031,廣宗寺,guangzong si
yrdb1032,廣平,guangping
yrdb1033,廣德,guangde
yrdb1034,廣武,guangwu
yrdb1035,廣武城,guangwu cheng
yrdb1036,廣武埽,guangwu sao
yrdb1037,廣武山,guangwu shan
yrdb1038,廣武山官莊峪,guangwushanguanzhuangyu
yrdb1039,廣武莊,guangwu zhuang
yrdb1040,廣武站,guangwu zhan
yrdb1041,廣武營,guangwu ying
yrdb1042,廣濟,guangji
yrdb1043,廣濟渠,guangji qu
yrdb1044,五當招,wudangzhao
yrdb1045,廣通渠,guangtong qu
yrdb1046,廣阿,guanga
yrdb1047,莊浪,zhuanglang
yrdb1048,慶元路,qingyuan lu
yrdb1049,慶州,qing zhou
yrdb1050,慶都,qingdu
yrdb1051,慶陽,qingyang
yrdb1052,環縣,huan xian
yrdb1053,廬州,lu zhou
yrdb1054,應吉理站,yingjili zhan
yrdb1055,應城,ying cheng
yrdb1056,應天府,yingtian fu
yrdb1057,底店鎮,didian zhen
yrdb1058,底廟,di miao
yrdb1059,店頭,diantou
yrdb1060,店子峽,dianzixia
yrdb1061,店子川,dianzi chuan
yrdb1062,店張鎮,dianzhang zhen
yrdb1063,廟前鎮,miaoqian zhen
yrdb1064,廟灣,miao wan
yrdb1065,廟道口,miaodao kou
yrdb1066,府店鎮,fudian zhen
yrdb1067,胖家屯,pangjia tun
yrdb1068,康家寨,kangjia zhai
yrdb1069,康家崖,kangjiaya
yrdb1070,康成鎮,kangcheng zhen
yrdb1071,廓州,kuo zhou
yrdb1072,延安,yanan
yrdb1073,延安路,yanan lu
yrdb1074,延安鎮,yanan zhen
yrdb1075,延壽城,yanshou cheng
yrdb1076,延州,yan zhou
yrdb1077,延水關,yanshui guan
yrdb1078,延津縣,yanjin xian
yrdb1079,建義口,jianyi kou
yrdb1080,建威城,jianwei cheng
yrdb1081,建安堡,jianan bao
yrdb1082,建莊,jian zhuang
yrdb1083,建康府,jiankang fu
yrdb1084,建章宮,jianzhang gong
yrdb1085,開城,kai cheng
yrdb1086,開封,kaifeng
yrdb1088,開封縣,kaifeng xian
yrdb1089,開封府,kaifeng fu
yrdb1090,開州,kai zhou
yrdb1091,開柵堡,kaizha bao
yrdb1092,開邊寨,kaibian zhai
yrdb1093,弓門鎮,gongmen zhen
yrdb1094,弘賜堡,hongci bao
yrdb1095,張為村,zhangwei cun
yrdb1096,張義堡,zhangyi bao
yrdb1097,張亮堡,zhangliang bao
yrdb1098,張蘭鎮,zhanglan zhen
yrdb1099,張凈鎮,zhangjing zhen
yrdb1100,張包口,zhangbao kou
yrdb1101,張家,zhangjia
yrdb1102,張家口,zhangjia kou
yrdb1103,張家坪,zhangjia ping
yrdb1104,張家屯,zhangjia tun
yrdb1105,張家川,zhangjia chuan
yrdb1106,張家川鎮,zhangjiachuan zhen
yrdb1107,張家莊,zhangjia zhuang
yrdb1108,張家支門,zhangjiazhimen
yrdb1109,張家樓,zhangjialou
yrdb1110,張家灣,zhangjia wan
yrdb1111,張家灘,zhangjia tan
yrdb1112,張家馬路,zhangjiama lu
yrdb1113,張嶽鎮,zhangyue zhen
yrdb1114,張莊運口,zhangzhuangyun kou
yrdb1115,張店鎮,zhangdian zhen
yrdb1116,張恩堡,zhangen bao
yrdb1117,張成口,zhangcheng kou
yrdb1118,張成堡,zhangcheng bao
yrdb1119,張易堡,zhangyi bao
yrdb1120,張村,zhang cun
yrdb1121,張村鎮,zhangcun zhen
yrdb1122,張楊城,zhangyang cheng
yrdb1123,張澤濼,zhangzeluo
yrdb1124,張洪鎮,zhanghong zhen
yrdb1125,張福堤,zhangfu di
yrdb1126,張秋,zhangqiu
yrdb1127,張秋鎮,zhangqiu zhen
yrdb1128,濮陽濼,zhangqiuzhenpuyangluo
yrdb1129,張見口,zhangjian kou
yrdb1130,張金村,zhangjin cun
yrdb1131,彌混戍,mihunshu
yrdb1132,強家沙窩,qiangjiashawo
yrdb1133,歸義,guiyi
yrdb1134,歸義城,guiyi cheng
yrdb1135,歸仁堤,guiren di
yrdb1136,歸化城,guihua cheng
yrdb1138,歸德,guide
yrdb1139,歸德府,guide fu
yrdb1141,歸德堡,guide bao
yrdb1143,當原城,dangyuan cheng
yrdb1144,當階城,dangjie cheng
yrdb1145,彘,zhi
yrdb1146,彤,tong
yrdb1147,彭城,peng cheng
yrdb1148,彭婆鎮,pengpo zhen
yrdb1149,彭家灘,pengjia tan
yrdb1150,彰德,zhangde
yrdb1151,征,zheng
yrdb1152,徐,xu
yrdb1153,徐升鎮,xusheng zhen
yrdb1154,徐國,xu guo
yrdb1155,徐城,xu cheng
yrdb1156,徐家口,xujia kou
yrdb1157,徐家莊,xujia zhuang
yrdb1158,徐家沙窩,xujiashawo
yrdb1159,徐家灣,xujia wan
yrdb1160,徐州,xu zhou
yrdb1161,徐溝,xu gou
yrdb1162,徐溪口,xuxi kou
yrdb1163,得勝堡,desheng bao
yrdb1165,微子鎮,weizi zhen
yrdb1166,德州,de zhou
yrdb1167,德平縣,deping xian
yrdb1168,德清軍,deqing jun
yrdb1169,德勝寨,desheng zhai
yrdb1170,德順,deshun
yrdb1171,德順軍,deshun jun
yrdb1172,忠州,zhong zhou
yrdb1173,忻口,xin kou
yrdb1175,忻州,xin zhou
yrdb1176,忻都城,xindu cheng
yrdb1177,懷,huai
yrdb1181,懷慶府,huaiqing fu
yrdb1183,懷朔,huaishuo
yrdb1184,懷荒,huaihuang
yrdb1185,懷遠,huaiyuan
yrdb1186,懷遠堡,huaiyuan bao
yrdb1187,思巴斯關,sibasi guan
yrdb1188,思野堡,siye bao
yrdb1189,思齊口,siqi kou
yrdb1190,恩縣,en xian
yrdb1191,恩和堡,enhe bao
yrdb1192,恩州,en zhou
yrdb1194,惠安堡,huian bao
yrdb1195,惠家園,huijiayuan
yrdb1196,惠家莊,huijia zhuang
yrdb1197,惠民縣,huimin xian
yrdb1198,惠濟祠,huijici
yrdb1199,慕家樓,mujialou
yrdb1200,戎城,rong cheng
yrdb1202,戲亭,xi ting
yrdb1203,成州,cheng zhou
yrdb1204,成平,chengping
yrdb1205,成晉站,chengjin zhan
yrdb1207,成臯關,chenggao guan
yrdb1208,戚字堡,qizi bao
yrdb1209,戚家港,qijiagang
yrdb1210,戚山,qi shan
yrdb1211,戛魯第,jialudi
yrdb1212,戴家樓,daijialou
yrdb1213,戴州,dai zhou
yrdb1214,戴百戶營,daibaihu ying
yrdb1215,房家埽,fangjia sao
yrdb1216,房村,fang cun
yrdb1217,房村集,fangcun ji
yrdb1218,扈,hu
yrdb1219,扈家灘,hujia tan
yrdb1220,扈運口,huyun kou
yrdb1221,紮什巴堡,zhashiba bao
yrdb1222,打剌赤堡,dalachi bao
yrdb1223,打硙石,daweishi
yrdb1224,托克托,tuoketuo
yrdb1225,托城,tuo cheng
yrdb1226,托西賀,tuoxihe
yrdb1228,揚州,yang zhou
yrdb1230,扶溝,fu gou
yrdb1231,扶荔宮,fuli gong
yrdb1232,扶風,fufeng
yrdb1233,撫冥,fuming
yrdb1234,護羌城,huqiang cheng
yrdb1235,拉布楞寺,labuleng si
yrdb1236,拉牌寨,lapai zhai
yrdb1237,拐兒鎮,guaier zhen
yrdb1238,拒墻堡,juqiang bao
yrdb1239,拒門,jumen
yrdb1241,招安寨,zhaoan zhai
yrdb1242,招賢鎮,zhaoxian zhen
yrdb1243,拜升氣,baishengqi
yrdb1244,攔車鎮,lanche zhen
yrdb1245,振武,zhenwu
yrdb1246,挺關,ting guan
yrdb1247,掫城,zou cheng
yrdb1248,插蘇,chasu
yrdb1249,摩雲嶺關,moyunling guan
yrdb1250,撒剌站,sala zhan
yrdb1251,政平鎮,zhengping zhen
yrdb1252,故交村,gujiao cun
yrdb1253,故關,gu guan
yrdb1254,故關站,guguan zhan
yrdb1255,井陘口,jingxing kou
yrdb1256,故城,gu cheng
yrdb1257,故市鎮,gushi zhen
yrdb1258,敖倉,aocang
yrdb1259,敖遊堌,aoyougu
yrdb1260,散關,san guan
yrdb1261,敷政,fuzheng
yrdb1262,敷水鎮,fushui zhen
yrdb1263,文安驛,wenan yi
yrdb1264,文水,wen shui
yrdb1265,斌輪城,binlun cheng
yrdb1266,鬥門鎮,doumen zhen
yrdb1267,斜口鎮,xiekou zhen
yrdb1268,斜谷關,xiegu guan
yrdb1269,新豐鎮,xinfeng zhen
yrdb1270,新豐集,xinfeng ji
yrdb1271,新鄉,xin xiang
yrdb1272,新興堡,xinxing bao
yrdb1273,新興鋪,xinxing pu
yrdb1274,新衛,xinwei
yrdb1275,新固關,xingu guan
yrdb1277,新城,xin cheng
yrdb1278,新城鎮,xincheng zhen
yrdb1279,新堡子,xinbuzi
yrdb1280,新大慶關,xindaqing guan
yrdb1282,新安縣,xinan xian
yrdb1283,新安邊營,xinanbian ying
yrdb1284,新安鎮,xinan zhen
yrdb1285,新寺鎮,xinsi zhen
yrdb1286,新市鎮,xinshi zhen
yrdb1287,新平,xinping
yrdb1288,新平堡,xinping bao
yrdb1289,新莊,xin zhuang
yrdb1290,桃源新莊口,taoyuanxinzhuang kou
yrdb1291,新莊口,xinzhuang kou
yrdb1292,新店子,xindianzi
yrdb1293,新店寨,xindian zhai
yrdb1294,新村,xin cun
yrdb1295,新溝,xin gou
yrdb1296,新河口,xinhe kou
yrdb1297,新河郭家口,xinheguojia kou
yrdb1298,新洋口,xinyang kou
yrdb1299,新營,xin ying
yrdb1300,新鄭,xinzheng
yrdb1301,新集,xin ji
yrdb1302,新集寨,xinji zhai
yrdb1303,方家河,fangjia he
yrdb1304,方山堡,fangshan bao
yrdb1305,方山市,fangshanshi
yrdb1306,方渠鎮,fangqu zhen
yrdb1307,方里鎮,fangli zhen
yrdb1308,施州,shi zhou
yrdb1309,旋門關,xuanmen guan
yrdb1310,無為軍,wuwei jun
yrdb1311,無棣縣,wudi xian
yrdb1312,舊安邊營,jiuanbian ying
yrdb1313,舊遙堤,jiuyao di
yrdb1314,早勝鎮,zaosheng zhen
yrdb1315,時兒灘,shier tan
yrdb1316,時家馬頭,shijiamatou
yrdb1317,昆新城,kunxin cheng
yrdb1318,昆陽,kunyang
yrdb1319,昌陵,changling
yrdb1320,明公埽,minggong sao
yrdb1321,明堂,mingtang
yrdb1322,易州,yi zhou
yrdb1323,易河,yi he
yrdb1324,昔陽城,xiyang cheng
yrdb1325,星坐驛,xingzuo yi
yrdb1326,昭化,zhaohua
yrdb1327,昭君墳,zhaojunfen
yrdb1328,顯陽苑,xianyang yuan
yrdb1329,晉,jin
yrdb1330,晉東南地區,jindongnandiqu
yrdb1331,晉國,jin guo
yrdb1332,晉西,jinxi
yrdb1333,晉陽,jinyang
yrdb1334,普化鎮,puhua zhen
yrdb1335,普同關,putong guan
yrdb1336,普明鎮,puming zhen
yrdb1337,普集鎮,puji zhen
yrdb1338,景城鎮,jingcheng zhen
yrdb1339,景州,jing zhou
yrdb1340,景泰,jingtai
yrdb1341,智,zhi
yrdb1342,暖泉堡,nuanquan bao
yrdb1343,曲亭鎮,quting zhen
yrdb1344,曲頭集,qutou ji
yrdb1345,曲家莊,qujia zhuang
yrdb1346,曲峪鎮,quyu zhen
yrdb1347,曲沃,quwo
yrdb1350,曲郵,quyou
yrdb1351,曲里鋪,quli pu
yrdb1352,曲陽,quyang
yrdb1353,曹縣,cao xian
yrdb1354,曹家口,caojia kou
yrdb1355,曹家堡,caojia pu
yrdb1356,曹家寨,caojia zhai
yrdb1357,曹家莊,caojia zhuang
yrdb1358,曹家灣,caojia wan
yrdb1359,曹家溜,caojialiu
yrdb1360,曹州,cao zhou
yrdb1361,曹張鎮,caozhang zhen
yrdb1362,曹村埽,caocun sao
yrdb1363,曹良口,caoliang kou
yrdb1364,曹鎮,cao zhen
yrdb1365,曹陽,caoyang
yrdb1367,朁亭,can ting
yrdb1368,月支城,yuezhi cheng
yrdb1369,朐衍,quyan
yrdb1370,朔方,shuofang
yrdb1372,朝城縣,chaocheng xian
yrdb1373,朝州,chao zhou
yrdb1374,朝邑縣,chaoyi xian
yrdb1375,朝那,chaona
yrdb1376,木峽關,muxia guan
yrdb1377,木欒店,muluandian
yrdb1378,木瓜園堡,muguayuan bao
yrdb1380,木瓜鎮,mugua zhen
yrdb1381,木缽鎮,mubo zhen
yrdb1382,木門,mumen
yrdb1383,木陌,mumo
yrdb1384,朱仙鎮,zhuxian zhen
yrdb1385,朱呂堡,zhulü bao
yrdb1386,朱家口,zhujia kou
yrdb1387,朱家圈,zhujiaquan
yrdb1388,朱家堂,zhujiatang
yrdb1389,朱家寨,zhujia zhai
yrdb1390,朱家店,zhujiadian
yrdb1391,朱家店堡,zhujiadian bao
yrdb1392,朱家樓,zhujialou
yrdb1393,朱家溝,zhujia gou
yrdb1394,朱家海,zhujiahai
yrdb1395,朱家潭,zhujiatan
yrdb1396,朱旺口,zhuwang kou
yrdb1397,朱源寨,zhuyuan zhai
yrdb1398,殺虎口,shahu kou
yrdb1399,殺馬關,shama guan
yrdb1400,權店鎮,quandian zhen
yrdb1401,李俊堡,lijun bao
yrdb1402,李六口,liliu kou
yrdb1403,李吉口,liji kou
yrdb1404,李固渡,ligu du
yrdb1405,李城,li cheng
yrdb1406,李堆,lidui
yrdb1407,李子園,liziyuan
yrdb1408,李字鋪,lizi pu
yrdb1409,李家口,lijia kou
yrdb1410,李家坳,lijiaao
yrdb1411,李家岸,lijiaan
yrdb1412,李家莊,lijia zhuang
yrdb1413,李家樓,lijialou
yrdb1414,李家港,lijiagang
yrdb1415,李峪口,liyu kou
yrdb1416,李旺堡,liwang bao
yrdb1417,李景高口,lijinggao kou
yrdb1419,李道華家樓,lidaohuajialou
yrdb1420,李鋼堡,ligang bao
yrdb1422,杏城,xing cheng
yrdb1423,杏林鎮,xinglin zhen
yrdb1424,杏花營,xinghua ying
yrdb1425,杜縣,du xian
yrdb1426,杜城,du cheng
yrdb1427,杜婆村,dupo cun
yrdb1428,杜家窪莊,dujiawa zhuang
yrdb1429,杜爾根,duergen
yrdb1430,杜平,duping
yrdb1431,杜曲鎮,duqu zhen
yrdb1432,杜村堡,ducun bao
yrdb1433,杜郵,duyou
yrdb1435,杜陽,duyang
yrdb1436,杜陽鎮,duyang zhen
yrdb1437,杞縣,qi xian
yrdb1438,杞州,qi zhou
yrdb1439,楊兔堡,yangtu bao
yrdb1440,楊劉,yangliu
yrdb1442,楊史道口,yangshidao kou
yrdb1443,楊和堡,yanghe bao
yrdb1444,楊坡頭,yangpotou
yrdb1445,楊坡寨,yangpo zhai
yrdb1446,楊堡,yang bao
yrdb1447,楊家口,yangjia kou
yrdb1448,楊家城,yangjia cheng
yrdb1449,楊家莊,yangjia zhuang
yrdb1450,楊家店,yangjiadian
yrdb1451,楊家橋,yangjia qiao
yrdb1452,楊家樓,yangjialou
yrdb1453,楊家窪,yangjiawa
yrdb1454,楊家碼頭,yangjiamatou
yrdb1455,楊家集,yangjia ji
yrdb1456,楊工口,yanggong kou
yrdb1457,楊莊,yang zhuang
yrdb1458,楊誌塢,yangzhiwu
yrdb1459,楊村集,yangcun ji
yrdb1460,楊橋,yang qiao
yrdb1461,楊橫莊,yangheng zhuang
yrdb1462,楊武峪,yangwuyu
yrdb1463,楊氏縣,yangshi xian
yrdb1464,楊氏壁,yangshibi
yrdb1465,楊氏溝,yangshi gou
yrdb1466,楊河廳,yanghe ting
yrdb1467,楊郎中堡,yanglangzhong bao
yrdb1468,松家溝,songjia gou
yrdb1469,松煙鎮,songyan zhen
yrdb1470,板城,ban cheng
yrdb1471,板橋,ban qiao
yrdb1472,枋口,fang kou
yrdb1473,枋頭,fangtou
yrdb1474,林關口,linguan kou
yrdb1475,棗園堡,zaoyuan bao
yrdb1476,棗強縣,zaoqiang xian
yrdb1477,棗強埽,zaoqiang sao
yrdb1478,棗樹灣,zaoshu wan
yrdb1479,枳關,zhi guan
yrdb1480,枳道,zhi dao
yrdb1482,枹罕,fuhan
yrdb1484,柏井鎮,baijing zhen
yrdb1485,柏井驛,baijing yi
yrdb1486,柏亭,bai ting
yrdb1487,柏子鎮,baizi zhen
yrdb1488,柏林堡,bolin bao
yrdb1489,柏谷,bai gu
yrdb1491,柏谷城,baigu cheng
yrdb1492,柔元寨,rouyuan zhai
yrdb1493,柔兇塢,rouxiongwu
yrdb1494,柔玄,rouxuan
yrdb1496,柘城,zhe cheng
yrdb1497,查漢大寺工,chahandasigong
yrdb1498,柳園頭,liuyuantou
yrdb1499,柳子鎮,liuzi zhen
yrdb1500,柳家鋪,liujia pu
yrdb1501,柳楊堡,liuyang bao
yrdb1502,柳林鋪,liulin pu
yrdb1503,柳林鎮,liulin zhen
yrdb1504,柳樹店,liushudian
yrdb1505,柳樹澗,liushujian
yrdb1507,柳河口,liuhe kou
yrdb1508,柳浦灣,liupu wan
yrdb1509,柴壁,chaibi
yrdb1510,柴溝,chai gou
yrdb1511,櫟陽鎮,yueyang zhen
yrdb1512,棲山,qi shan
yrdb1513,栗村鎮,licun zhen
yrdb1514,栲栳堤,kaolao di
yrdb1515,栲栳灣,kaolao wan
yrdb1516,栲栳鎮,kaolao zhen
yrdb1517,格根托灰廟,gegentuohui miao
yrdb1518,桃北廳,taobei ting
yrdb1519,桃南廳,taonan ting
yrdb1520,桃園,taoyuan
yrdb1521,桃汛,taoxun
yrdb1522,桃源,taoyuan
yrdb1524,桃源廳,taoyuan ting
yrdb1526,桑元村,sangyuan cun
yrdb1527,桑園子,sangyuanzi
yrdb1528,桑壁鎮,sangbi zhen
yrdb1529,桑家渡,sangjia du
yrdb1530,桑梓鎮,sangzi zhen
yrdb1531,桑泉城,sangquan cheng
yrdb1532,桑蓋,sanggai
yrdb1533,橋門,qiaomen
yrdb1534,樺林堡,hualin bao
yrdb1535,梁,liang
yrdb1536,梁國,liang guo
yrdb1537,梁家莊,liangjia zhuang
yrdb1538,梁山,liang shan
yrdb1539,梁山宮,liangshan gong
yrdb1540,梁山泊,liangshanpo
yrdb1541,梁村口,liangcun kou
yrdb1542,梁樓溝,lianglou gou
yrdb1543,梁靖,liangjing
yrdb1546,梗陽城,gengyang cheng
yrdb1547,梧中聚,wuzhongju
yrdb1548,梨林鋪,lilin pu
yrdb1549,棠林集,tanglin ji
yrdb1550,棣州,di zhou
yrdb1551,棫陽宮,yuyang gong
yrdb1552,椒村,jiao cun
yrdb1553,楚丘縣,chuqiu xian
yrdb1554,楚國,chu guo
yrdb1555,楚州,chu zhou
yrdb1556,樓子,louzi
yrdb1557,樓溝堡,lougou bao
yrdb1558,樓煩,loufan
yrdb1559,樓煩縣,loufan xian
yrdb1561,榆中,yuzhong
yrdb1562,榆林,yulin
yrdb1563,榆林口,yulin kou
yrdb1564,榆林集,yulin ji
yrdb1566,榆棗口,yuzao kou
yrdb1567,榆次,yuci
yrdb1569,烏里雅蘇臺,wuliyasutai
yrdb1570,榆盤鎮,yupan zhen
yrdb1571,榆眉,yumei
yrdb1572,榆社城,yushe cheng
yrdb1573,榜羅鎮,bangluo zhen
yrdb1574,槐安,huaian
yrdb1575,槐柏鎮,huaibai zhen
yrdb1576,槐樹莊,huaishu zhuang
yrdb1577,槐疙疸岡,huaigedagang
yrdb1578,槐芽鎮,huaiya zhen
yrdb1579,槐谷,huai gu
yrdb1580,樊村堡,fancun bao
yrdb1581,樊橋鎮,fanqiao zhen
yrdb1582,樊濯聚,fanzhuoju
yrdb1583,樗里,chuli
yrdb1584,橫城堡,hengcheng bao
yrdb1585,橫山村堡,hengshancun bao
yrdb1586,橫嶺背,henglingbei
yrdb1587,橫嶺鎮,hengling zhen
yrdb1588,橫望嶺,hengwang ling
yrdb1589,橫水鎮,hengshui zhen
yrdb1590,橫泉鎮,hengquan zhen
yrdb1591,橫澗橋,hengjian qiao
yrdb1592,橫隴埽,henglong sao
yrdb1593,橑陽,liaoyang
yrdb1594,檀山塢,tanshanwu
yrdb1595,檀州,tan zhou
yrdb1596,正定,zhengding
yrdb1597,正陽鎮,zhengyang zhen
yrdb1598,武鄉城,wuxiang cheng
yrdb1599,武城,wu cheng
yrdb1600,武安府,wuan fu
yrdb1601,武安鎮,wuan zhen
yrdb1602,武官營,wuguan ying
yrdb1603,武定府,wuding fu
yrdb1604,武家口,wujia kou
yrdb1605,武家墩,wujiadun
yrdb1606,武家營,wujia ying
yrdb1607,武川,wu chuan
yrdb1608,武州,wu zhou
yrdb1609,武平關,wuping guan
yrdb1610,武平城,wuping cheng
yrdb1611,武強縣,wuqiang xian
yrdb1612,武德縣,wude xian
yrdb1614,武林亭,wulin ting
yrdb1615,武清,wuqing
yrdb1616,武勝堡,wusheng bao
yrdb1618,武營堡,wuying bao
yrdb1619,武街縣,wujie xian
yrdb1620,武遂,wusui
yrdb1621,武邑,wu yi
yrdb1622,武陽郡,wuyang jun
yrdb1623,武陟,wuzhi
yrdb1625,段家坪,duanjia ping
yrdb1626,段家莊,duanjia zhuang
yrdb1627,段谷,duan gu
yrdb1628,殷,yin
yrdb1629,殷莊,yin zhuang
yrdb1630,畢齊克齊,biqikeqi
yrdb1631,毛代,maodai
yrdb1632,毛蔔剌堡,maobola bao
yrdb1633,毛城鋪,maocheng pu
yrdb1634,毫,hao
yrdb1635,民便口,minbian kou
yrdb1636,水頭鎮,shuitou zhen
yrdb1637,水頭鎮堡,shuitouzhen bao
yrdb1638,水簾洞,shuiliandong
yrdb1639,水康鎮,shuikang zhen
yrdb1640,水泉城,shuiquan cheng
yrdb1642,水洛城,shuiluo cheng
yrdb1643,水磨疃堡,shuimotuan bao
yrdb1644,水線河,shuixian he
yrdb1645,水落城,shuiluo cheng
yrdb1646,水阜河,shuifu he
yrdb1647,水驛,shui yi
yrdb1648,永豐鎮,yongfeng zhen
yrdb1649,永樂,yongle
yrdb1650,永樂鎮,yongle zhen
yrdb1651,永興堡,yongxing bao
yrdb1652,永加堡,yongjia bao
yrdb1653,永和關,yonghe guan
yrdb1654,永和隘,yongheai
yrdb1655,永城縣,yongcheng xian
yrdb1656,永寧州,yongning zhou
yrdb1657,永安營,yongan ying
yrdb1658,永安營堡,yonganying bao
yrdb1659,永安鎮,yongan zhen
yrdb1660,永州,yong zhou
yrdb1661,石油溝,shiyou gou
yrdb1663,永康堡,yongkang bao
yrdb1664,永昌橋,yongchang qiao
yrdb1665,永橋,yong qiao
yrdb1666,永泰城堡,yongtaicheng bao
yrdb1667,永濟縣,yongji xian
yrdb1668,永清,yongqing
yrdb1669,永清堡,yongqing bao
yrdb1670,永靖,yongjing
yrdb1671,永靜,yongjing
yrdb1672,永靜軍,yongjing jun
yrdb1673,漢伯渠,hanbo qu
yrdb1674,漢臺,hantai
yrdb1675,漢水,han shui
yrdb1676,漢陽軍,hanyang jun
yrdb1677,汜水,si shui
yrdb1679,汝寧,runing
yrdb1680,汝州,ru zhou
yrdb1681,江南東路,jiangnandong lu
yrdb1682,江南營,jiangnan ying
yrdb1683,江南西路,jiangnanxi lu
yrdb1684,江州,jiang zhou
yrdb1685,江漢地區,jianghandiqu
yrdb1687,江蘇,jiangsu
yrdb1688,江西,jiangxi
yrdb1689,江陰,jiangyin
yrdb1690,池下鎮,chixia zhen
yrdb1691,池州,chi zhou
yrdb1692,湯峪,tangyu
yrdb1693,汧城,qian cheng
yrdb1694,汧陽,qianyang
yrdb1695,汪莊,wang zhuang
yrdb1696,汲縣,ji xian
yrdb1698,汴南,biannan
yrdb1699,汴口,bian kou
yrdb1703,汴河,bian he
yrdb1704,汴河口,bianhe kou
yrdb1705,汶上縣,wenshang xian
yrdb1706,汶河,wen he
yrdb1707,汾城,fen cheng
yrdb1708,汾川鎮,fenchuan zhen
yrdb1709,汾州,fen zhou
yrdb1710,汾水關,fenshui guan
yrdb1711,汾河,fen he
yrdb1712,汾陰,fenyin
yrdb1714,沁州,qin zhou
yrdb1715,沁河,qin he
yrdb1716,沁源,qinyuan
yrdb1717,沁陽,qinyang
yrdb1718,沂山,yi shan
yrdb1719,沂州,yi zhou
yrdb1720,沂河,yi he
yrdb1721,沃野,woye
yrdb1723,沇河鎮,yanhe zhen
yrdb1724,沈家圩,shenjiawei
yrdb1725,沈家堂,shenjiatang
yrdb1726,沈家莊,shenjia zhuang
yrdb1727,沔池縣,mianchi xian
yrdb1728,沔陽縣,mianyang xian
yrdb1729,沙井,shajing
yrdb1730,沙兒沁,shaerqin
yrdb1731,沙南,shanan
yrdb1732,沙堝,shaguo
yrdb1733,沙塘鋪,shatang pu
yrdb1735,沙婆嶺隘,shapolingai
yrdb1736,沙楞子,shalengzi
yrdb1738,沙溝寨,shagou zhai
yrdb1739,沙河,sha he
yrdb1740,沙河岔,shahecha
yrdb1741,沙泉驛,shaquan yi
yrdb1742,沙泥,shani
yrdb1743,沙澗,shajian
yrdb1744,沙灣,sha wan
yrdb1745,沙苑,sha yuan
yrdb1746,沙要堡,shayao bao
yrdb1747,沙金城,shajin cheng
yrdb1748,沛縣,pei xian
yrdb1749,沛河,pei he
yrdb1750,滄州,cang zhou
yrdb1751,沭陽,shuyang
yrdb1752,河東,hedong
yrdb1753,河東南路,hedongnan lu
yrdb1754,河東路,hedong lu
yrdb1755,河中府,hezhong fu
yrdb1756,河會,hehui
yrdb1757,河內,henei
yrdb1759,河北縣,hebei xian
yrdb1760,河北省,hebei sheng
yrdb1761,河北西路,hebeixi lu
yrdb1762,河北路,hebei lu
yrdb1763,河北東路,hebeidong lu
yrdb1764,河北鎮,hebei zhen
yrdb1765,河南,henan
yrdb1767,河南路,henan lu
yrdb1768,河南鎮,henan zhen
yrdb1769,河口鎮,hekou zhen
yrdb1770,河頭村,hetou cun
yrdb1771,河奇苑,heqi yuan
yrdb1772,河套圈,hetaoquan
yrdb1773,河套地區,hetaodiqu
yrdb1774,河州,he zhou
yrdb1775,河莊村,hezhuang cun
yrdb1776,河朔,heshuo
yrdb1777,河橋,he qiao
yrdb1778,河津,he jin
yrdb1779,河西,hexi
yrdb1780,河西寨,hexi zhai
yrdb1781,河邑,he yi
yrdb1782,河郡邑,hejun yi
yrdb1783,河間,hejian
yrdb1784,河陽,heyang
yrdb1786,河陽橋,heyang qiao
yrdb1788,河陰,heyin
yrdb1790,治阪,zhiban
yrdb1791,治峪鎮,zhiyu zhen
yrdb1792,治平寨,zhiping zhai
yrdb1793,沾化縣,zhanhua xian
yrdb1794,泄湖,xiehu
yrdb1795,泉掌堡,quanzhang bao
yrdb1796,泉鳩里,quanjiuli
yrdb1797,泓芝站,hongzhi zhan
yrdb1798,泗州,si zhou
yrdb1799,泗河,si he
yrdb1800,泡河,pao he
yrdb1802,波羅營,boluo ying
yrdb1803,泥陽城,niyang cheng
yrdb1804,泫氏,xuanshi
yrdb1805,泰安州,taian zhou
yrdb1806,泰山,tai shan
yrdb1807,泰山廟,taishan miao
yrdb1808,泰州,tai zhou
yrdb1809,泰平城,taiping cheng
yrdb1810,澤州,ze zhou
yrdb1811,涇川,jing chuan
yrdb1812,涇州,jing zhou
yrdb1813,涇水,jing shui
yrdb1814,涇陽,jingyang
yrdb1815,涇陽水堡,jingyangshui bao
yrdb1816,洋州,yang zhou
yrdb1817,洛口,luo kou
yrdb1818,洛川舊縣,luochuanjiu xian
yrdb1819,洛水橋,luoshui qiao
yrdb1820,洛水浮橋,luoshuifu qiao
yrdb1821,洛河,luo he
yrdb1822,洛都谷,luodou gu
yrdb1823,洛門,luomen
yrdb1824,洛陽,luoyang
yrdb1826,洛陽小市,luoyangxiaoshi
yrdb1827,洛陰,luoyin
yrdb1828,津梁鎮,jinliang zhen
yrdb1829,津陽,jinyang
yrdb1830,洧川,wei chuan
yrdb1831,洧水,wei shui
yrdb1832,洪關,hong guan
yrdb1833,洪善鎮,hongshan zhen
yrdb1834,洪家口,hongjia kou
yrdb1835,洪州,hong zhou
yrdb1837,洪廣營堡,hongguangying bao
yrdb1838,洪德城,hongde cheng
yrdb1839,洪澤,hongze
yrdb1840,洪洞城,hongdong cheng
yrdb1841,洪濤,hongtao
yrdb1842,洪湖,honghu
yrdb1843,洪邵灣,hongshao wan
yrdb1844,洺州,ming zhou
yrdb1845,窪子頭,wazitou
yrdb1846,淺口鎮,qiankou zhen
yrdb1847,濁河,zhuo he
yrdb1849,濟北,jibei
yrdb1850,濟北埽,jibei sao
yrdb1852,濟南,jinan
yrdb1854,濟寧,jining
yrdb1855,濟寧路,jining lu
yrdb1856,濟州,ji zhou
yrdb1857,濟河,ji he
yrdb1858,濟源,jiyuan
yrdb1859,濟陽,jiyang
yrdb1861,濟陽鎮,jiyang zhen
yrdb1862,濟陰,jiyin
yrdb1864,渾津村,hunjin cun
yrdb1865,渾津河,hunjin he
yrdb1866,潯中,xunzhong
yrdb1867,浙江,zhejiang
yrdb1868,浙西路,zhexi lu
yrdb1869,浚儀縣,junyi xian
yrdb1870,浚縣,xun xian
yrdb1872,浢津,dou jin
yrdb1873,浦口,pu kou
yrdb1874,浮橋,fu qiao
yrdb1875,海豐廳,haifeng ting
yrdb1876,海剌都營,hailadou ying
yrdb1877,海口,hai kou
yrdb1878,海口俞家灘,haikouyujia tan
yrdb1879,海安,haian
yrdb1881,海州,hai zhou
yrdb1882,海阜廳,haifu ting
yrdb1883,塗山,tu shan
yrdb1884,塗水鄉,tushui xiang
yrdb1885,涅,nie
yrdb1886,消河堡,xiaohe bao
yrdb1888,涉城,she cheng
yrdb1889,澇川,lao chuan
yrdb1890,澇店鎮,laodian zhen
yrdb1891,潤城,run cheng
yrdb1892,潤州,run zhou
yrdb1893,澗口,jian kou
yrdb1894,涪州,fu zhou
yrdb1895,淄川鎮,zichuan zhen
yrdb1896,淄州,zi zhou
yrdb1897,硤石站,xiashi zhan
yrdb1898,淇縣,qi xian
yrdb1899,淮南,huainan
yrdb1901,淮安,huaian
yrdb1903,淮安府,huaian fu
yrdb1904,淮安路,huaian lu
yrdb1905,淮水,huai shui
yrdb1906,淮陽,huaiyang
yrdb1907,淮陽軍,huaiyang jun
yrdb1908,淮陰,huaiyin
yrdb1909,深州,shen zhou
yrdb1910,混懷障,hunhuaizhang
yrdb1911,清豐縣,qingfeng xian
yrdb1912,清儲鎮,qingchu zhen
yrdb1913,清州,qing zhou
yrdb1914,清平關,qingping guan
yrdb1915,清平堡,qingping bao
yrdb1916,清水關,qingshui guan
yrdb1917,清水堡,qingshui bao
yrdb1918,清水工,qingshuigong
yrdb1919,清水潭,qingshuitan
yrdb1920,清水營,qingshui ying
yrdb1921,清水鎮,qingshui zhen
yrdb1922,清水驛,qingshui yi
yrdb1923,清江,qingjiang
yrdb1924,清江浦,qingjiangpu
yrdb1925,清河,qing he
yrdb1926,清河縣,qinghe xian
yrdb1927,清河口,qinghe kou
yrdb1928,清湫,qingqiu
yrdb1929,清源鄉,qingyuan xiang
yrdb1930,清源縣,qingyuan xian
yrdb1931,清風寺,qingfeng si
yrdb1932,澠池,mianchi
yrdb1933,渝州,yu zhou
yrdb1934,渠口堡,qukou bao
yrdb1935,渤海縣,bohai xian
yrdb1936,溫縣,wen xian
yrdb1937,溫家口,wenjia kou
yrdb1938,溫州廟,wenzhou miao
yrdb1939,溫殊古寺,wenshugu si
yrdb1940,溫泉,wenquan
yrdb1941,溫泉堡,wenquan bao
yrdb1943,渭北,weibei
yrdb1944,渭南,weinan
yrdb1945,渭城,wei cheng
yrdb1946,渭橋,wei qiao
yrdb1947,渭水,wei shui
yrdb1948,湖,hu
yrdb1949,湖北,hubei
yrdb1950,湖城,hu cheng
yrdb1951,湖城站,hucheng zhan
yrdb1952,湖州,hu zhou
yrdb1953,湖廣,huguang
yrdb1954,湖村鋪,hucun pu
yrdb1955,湖灘河朔,hutanheshuo
yrdb1956,湛城,zhan cheng
yrdb1957,湟水,huang shui
yrdb1958,湫頭鎮,qiutou zhen
yrdb1959,湫水河,qiushui he
yrdb1960,湮陽亭,yanyang ting
yrdb1961,源渦鎮,yuanwo zhen
yrdb1962,溞溝,sao gou
yrdb1963,滁,chu
yrdb1964,滑縣,hua xian
yrdb1966,滑石澗堡,huashijian bao
yrdb1967,滕州,teng zhou
yrdb1968,滿夷谷,manyi gu
yrdb1969,滿浦,manpu
yrdb1970,濱縣,bin xian
yrdb1971,濱州,bin zhou
yrdb1972,灘歌鎮,tange zhen
yrdb1973,滹沱河,hutuo he
yrdb1974,漫坪,man ping
yrdb1975,漳河,zhang he
yrdb1976,潘家堂,panjiatang
yrdb1977,潘家屯,panjia tun
yrdb1978,潘崗,pangang
yrdb1979,潘莊,pan zhuang
yrdb1980,潛亭,qian ting
yrdb1981,潞,lu
yrdb1984,潭口寺,tankou si
yrdb1985,潼關,tong guan
yrdb1986,澶州,chan zhou
yrdb1987,澶淵,chanyuan
yrdb1988,濠州,hao zhou
yrdb1989,濩澤,huoze
yrdb1992,濮陽,puyang
yrdb1993,瀛州,ying zhou
yrdb1994,灞橋鎮,baqiao zhen
yrdb1995,火燒鎮,huoshao zhen
yrdb1996,灰城子,huichengzi
yrdb1997,灰溝營堡,huigouying bao
yrdb1998,灰谷堆,huigudui
yrdb2000,靈縣,ling xian
yrdb2001,靈臺,lingtai
yrdb2002,靈壁縣,lingbi xian
yrdb2003,靈寶,lingbao
yrdb2005,靈寶河,lingbao he
yrdb2006,靈州,ling zhou
yrdb2007,靈平埽,lingping sao
yrdb2008,靈武谷,lingwu gu
yrdb2009,靈河縣,linghe xian
yrdb2010,靈照寺,lingzhao si
yrdb2011,靈璧縣,lingbi xian
yrdb2012,靈石縣,lingshi xian
yrdb2014,煙墩,yandun
yrdb2015,煙筒溝,yantong gou
yrdb2016,焉氏塞,yanshisai
yrdb2017,焦,jiao
yrdb2018,焦丘,jiao qiu
yrdb2019,焦口寨,jiaokou zhai
yrdb2020,焦家,jiaojia
yrdb2021,焦家巷,jiaojiaxiang
yrdb2022,焦家潭,jiaojiatan
yrdb2023,焦村,jiao cun
yrdb2024,焦韓店,jiaohandian
yrdb2025,熙州,xi zhou
yrdb2026,燕南,yannan
yrdb2027,燕只哥赤斤站,yanzhigechijin zhan
yrdb2028,燕子口,yanzi kou
yrdb2029,燕山,yan shan
yrdb2030,燕昌城,yanchang cheng
yrdb2031,牛尾莊,niuwei zhuang
yrdb2033,牛屯,niu tun
yrdb2034,牛市屯,niushi tun
yrdb2035,牛心堡,niuxin bao
yrdb2036,牛村寨,niucun zhai
yrdb2037,牛武鎮,niuwu zhen
yrdb2038,牛渡鎮,niudu zhen
yrdb2039,牛皮嶺站,niupiling zhan
yrdb2040,牧師苑,mushi yuan
yrdb2041,牧苑,mu yuan
yrdb2042,特門庫珠,temenkuzhu
yrdb2043,犨氏鄉亭,choushixiang ting
yrdb2044,狄道,di dao
yrdb2045,狐槃,hupan
yrdb2046,獨店,dudian
yrdb2047,狼孟,langmeng
yrdb2048,狼石溝,langshi gou
yrdb2050,玉峽關,yuxia guan
yrdb2051,玉林,yulin
yrdb2052,玉泉營,yuquan ying
yrdb2054,玉清昭應宮,yuqingzhaoying gong
yrdb2055,玉皇閣,yuhuangge
yrdb2056,玉社津,yushe jin
yrdb2057,王供埽,wanggong sao
yrdb2058,王八埽,wangba sao
yrdb2059,王公堤,wanggong di
yrdb2060,王可寨,wangke zhai
yrdb2061,王吳堡,wangwu bu
yrdb2062,王城,wang cheng
yrdb2063,王城堌,wangchenggu
yrdb2064,王官谷,wangguan gu
yrdb2065,王家口,wangjia kou
yrdb2066,王家園,wangjiayuan
yrdb2067,王家圈,wangjiaquan
yrdb2068,王家坪,wangjia ping
yrdb2069,王家堂,wangjiatang
yrdb2070,王家堡,wangjia pu
yrdb2071,王家寨,wangjia zhai
yrdb2072,王家山閘,wangjiashanzha
yrdb2073,王家莊堡,wangjiazhuang bao
yrdb2074,王家店,wangjiadian
yrdb2075,王家河,wangjia he
yrdb2076,王家碼頭,wangjiamatou
yrdb2077,王家營,wangjia ying
yrdb2078,王家角鎮,wangjiajiao zhen
yrdb2079,王家道口,wangjiadao kou
yrdb2080,王家集,wangjia ji
yrdb2081,王寮鎮,wangliao zhen
yrdb2082,王封村,wangfeng cun
yrdb2083,王平莊,wangping zhuang
yrdb2084,王莊,wang zhuang
yrdb2085,王曲堡,wangqu bao
yrdb2086,王村,wang cun
yrdb2087,王村廠,wangcunchang
yrdb2088,王村口,wangcun kou
yrdb2089,王村堡,wangcun bao
yrdb2090,王村鎮,wangcun zhen
yrdb2091,王橋渡,wangqiao du
yrdb2092,王楚埽,wangchu sao
yrdb2093,王河渠,wanghe qu
yrdb2094,王牌口,wangpai kou
yrdb2095,王簡口,wangjian kou
yrdb2096,王營,wang ying
yrdb2097,王家營,wangjia ying
yrdb2098,琵子岡,pizigang
yrdb2099,瑕城,xia cheng
yrdb2100,瑕陽,xiayang
yrdb2101,環轅,huanyuan
yrdb2102,瓜州,gua zhou
yrdb2103,瓠子口,huzi kou
yrdb2104,瓦雲驛,wayun yi
yrdb2105,瓦亭,wa ting
yrdb2106,瓦亭關,wating guan
yrdb2107,瓦亭子,watingzi
yrdb2109,瓦子灘,wazi tan
yrdb2110,瓦窯口,wayao kou
yrdb2111,瓦窯堡,wayao bu
yrdb2112,瓷窯口,ciyao kou
yrdb2113,甄家灣,zhenjia wan
yrdb2114,甘亭,gan ting
yrdb2116,甘泉,ganquan
yrdb2117,甘泉寺,ganquan si
yrdb2118,甘洛城,ganluo cheng
yrdb2119,甘羅城,ganluo cheng
yrdb2120,甘肅,gansu
yrdb2121,甘肅南部,gansunanbu
yrdb2122,甘草城,gancao cheng
yrdb2123,甘草店,gancaodian
yrdb2124,甘都堂堡,gandutang bao
yrdb2125,甜水堡,tianshui bao
yrdb2126,田家會鎮,tianjiahui zhen
yrdb2127,田家寨,tianjia zhai
yrdb2128,田家廟,tianjia miao
yrdb2129,田家樓,tianjialou
yrdb2130,田峪口,tianyu kou
yrdb2131,田莊堡,tianzhuang bao
yrdb2132,田羊口,tianyang kou
yrdb2133,田辟,tianpi
yrdb2134,申中,shenzhong
yrdb2135,申家潭,shenjiatan
yrdb2136,界河口,jiehe kou
yrdb2137,界石堡,jieshi bao
yrdb2138,留城,liu cheng
yrdb2139,番須口,fanxu kou
yrdb2140,畿南,jinan
yrdb2141,登,deng
yrdb2142,白元鎮,baiyuan zhen
yrdb2143,白吉原,baijiyuan
yrdb2144,白咀莊,baiju zhuang
yrdb2145,白土,baitu
yrdb2146,白坡,baipo
yrdb2147,察罕城,chahan cheng
yrdb2148,白塔,baita
yrdb2149,白塔兒站,baitaer zhan
yrdb2150,白塔寺,baita si
yrdb2151,白家屯,baijia tun
yrdb2152,白家樓,baijialou
yrdb2153,白崗,baigang
yrdb2154,白嶺灣,bailing wan
yrdb2155,白廟子,baimiaozi
yrdb2156,白文鎮,baiwen zhen
yrdb2157,白桑廠,baisangchang
yrdb2158,白水,bai shui
yrdb2160,白水鎮,baishui zhen
yrdb2161,白沙鎮,baisha zhen
yrdb2162,白溝,bai gou
yrdb2163,白波鎮,baibo zhen
yrdb2164,白洋河,baiyang he
yrdb2165,白洛城,bailuo cheng
yrdb2166,白浪淺,bailangqian
yrdb2167,白浪渡,bailang du
yrdb2168,白浮梁村,baifuliang cun
yrdb2169,白狼堆,bailangdui
yrdb2170,白璧關,baibi guan
yrdb2171,白登,baideng
yrdb2173,白石原,baishiyuan
yrdb2174,白石縣,baishi xian
yrdb2175,白社,baishe
yrdb2176,白羊口,baiyang kou
yrdb2177,白茅集,baimao ji
yrdb2178,白草園,baicaoyuan
yrdb2179,白草坪,baicao ping
yrdb2180,白草寨,baicao zhai
yrdb2181,白豹寨,baibao zhai
yrdb2182,白超壘,baichaolei
yrdb2183,白道,bai dao
yrdb2185,白霜鎮,baishuang zhen
yrdb2186,白馬津,baima jin
yrdb2187,白馬城堡,baimacheng bao
yrdb2188,白馬寺,baima si
yrdb2189,白馬灘,baima tan
yrdb2190,白馬鋪,baima pu
yrdb2191,百家鎮,baijia zhen
yrdb2192,百良堡,bailiang bao
yrdb2193,百花川,baihua chuan
yrdb2194,百邑,bai yi
yrdb2195,百里鎮,baili zhen
yrdb2197,癿思觀堡,qiesiguan bao
yrdb2198,癿藏司,biezangsi
yrdb2199,皂河口,zaohe kou
yrdb2200,皂郊堡,zaojiao bao
yrdb2201,臯蘭縣,gaolan xian
yrdb2202,臯狼,gaolang
yrdb2203,皮氏,pishi
yrdb2204,皮牢,pilao
yrdb2205,盂,yu
yrdb2207,益州,yi zhou
yrdb2208,益都,yidu
yrdb2209,益門鎮,yimen zhen
yrdb2210,鹽關,yan guan
yrdb2211,鹽場堡,yanchang bao
yrdb2212,鹽坡驛,yanpo yi
yrdb2213,鹽城,yan cheng
yrdb2215,鹽池城,yanchi cheng
yrdb2216,鹽監,yanjian
yrdb2217,盤口鎮,pankou zhen
yrdb2218,盤古塢,panguwu
yrdb2219,盤坡驛,panpo yi
yrdb2220,盤客鎮,panke zhen
yrdb2221,盤嶺,pan ling
yrdb2222,盤石口,panshi kou
yrdb2223,盤豆,pandou
yrdb2225,盤鉤村,pangou cun
yrdb2226,盤陀鎮,pantuo zhen
yrdb2227,盤馬寺,panma si
yrdb2228,盤龍關,panlong guan
yrdb2229,盤龍鎮,panlong zhen
yrdb2230,盛樂,shengle
yrdb2231,盩厔縣,zhouzhi xian
yrdb2232,盱胎,xutai
yrdb2233,直峪口,zhiyu kou
yrdb2234,直河口,zhihe kou
yrdb2235,直沽,zhigu
yrdb2236,直羅,zhiluo
yrdb2238,直谷關,zhigu guan
yrdb2240,直隸,zhili
yrdb2241,相,xiang
yrdb2242,相家灣,xiangjia wan
yrdb2243,相州,xiang zhou
yrdb2244,相里站,xiangli zhan
yrdb2245,真定府,zhending fu
yrdb2246,真武廟,zhenwu miao
yrdb2247,眩雷塞,xuanleisai
yrdb2248,睢,sui
yrdb2249,睢南廳,suinan ting
yrdb2250,睢寧,suining
yrdb2252,睢州,sui zhou
yrdb2253,濉河,sui he
yrdb2254,睢陽縣,suiyang xian
yrdb2255,瞿靖堡,qujing bao
yrdb2256,石䃮口,shida kou
yrdb2257,石人溝,shiren gou
yrdb2258,石佛鎮,shifo zhen
yrdb2259,石口,shi kou
yrdb2260,石咀山,shiju shan
yrdb2261,石咀驛,shizui yi
yrdb2262,石嘴山,shizui shan
yrdb2263,石固寨,shigu zhai
yrdb2264,石城,shi cheng
yrdb2265,石城里,shichengli
yrdb2266,石堡村,shibao cun
yrdb2267,石家橋,shijia qiao
yrdb2268,石家樓堤,shijialou di
yrdb2269,石家灣,shijia wan
yrdb2270,石將軍廟,shijiangjun miao
yrdb2271,石嶺關,shiling guan
yrdb2272,石峰堡,shifeng bao
yrdb2273,石崖城,shiya cheng
yrdb2274,石州,shi zhou
yrdb2275,石莊戶,shizhuanghu
yrdb2276,石底子,shidizi
yrdb2277,石林,shilin
yrdb2278,石橋,shi qiao
yrdb2279,石橋鎮,shiqiao zhen
yrdb2282,石梯隘口,shitiai kou
yrdb2283,石樓,shilou
yrdb2285,石溝堡,shigou bao
yrdb2286,石河鎮,shihe zhen
yrdb2287,石油井,shiyoujing
yrdb2288,石澇池堡,shilaochi bao
yrdb2289,石灰渠,shihui qu
yrdb2290,石空寺,shikong si
yrdb2292,石窯關,shiyao guan
yrdb2293,石營,shi ying
yrdb2294,石谷城,shigu cheng
yrdb2295,石錐壁,shizhuibi
yrdb2296,石門,shimen
yrdb2297,石門關,shimen guan
yrdb2298,石門子,shimenzi
yrdb2299,石門障,shimenzhang
yrdb2300,石香爐村,shixianglu cun
yrdb2301,碭山縣,dangshan xian
yrdb2303,磚井堡,zhuanjing bao
yrdb2304,砥柱山,dizhu shan
yrdb2306,破虎堡,pohu bao
yrdb2307,破魯堡,polu bao
yrdb2308,硤石,xiashi
yrdb2309,硤石關,xiashi guan
yrdb2310,碎金鎮,suijin zhen
yrdb2311,碗子關,wanzi guan
yrdb2313,磧口鎮,qikou zhen
yrdb2314,碧草鎮,bicao zhen
yrdb2315,碾伯,nianbo
yrdb2317,磁州,ci zhou
yrdb2318,磁澗鎮,cijian zhen
yrdb2319,磁窯堡,ciyao bao
yrdb2321,磨兒莊,moer zhuang
yrdb2322,磨石口,moshi kou
yrdb2323,磨臍溝,moqi gou
yrdb2324,磴口,deng kou
yrdb2325,禮義鎮,liyi zhen
yrdb2326,禮辛鎮,lixin zhen
yrdb2327,社平戍,shepingshu
yrdb2328,社樹坪站,sheshuping zhan
yrdb2329,祁,qi
yrdb2332,祁家口,qijia kou
yrdb2333,祁州,qi zhou
yrdb2334,祖庵鎮,zuan zhen
yrdb2335,神頭鎮,shentou zhen
yrdb2336,神峪河,shenyu he
yrdb2337,神林堡,shenlin bao
yrdb2338,神池口,shenchi kou
yrdb2339,神泉障,shenquanzhang
yrdb2340,祥河廳,xianghe ting
yrdb2341,祥符縣,xiangfu xian
yrdb2344,祥符閘,xiangfuzha
yrdb2345,福興閘,fuxingzha
yrdb2346,福州,fu zhou
yrdb2347,福建,fujian
yrdb2348,福昌,fuchang
yrdb2350,福清縣,fuqing xian
yrdb2351,禹城,yu cheng
yrdb2352,禹王廟,yuwang miao
yrdb2353,禹門渡,yumen du
yrdb2354,離石,lishi
yrdb2355,秋林鎮,qiulin zhen
yrdb2356,秤鉤驛,chenggou yi
yrdb2357,秦亭,qin ting
yrdb2359,秦關鎮,qinguan zhen
yrdb2360,秦岡堡,qingang bao
yrdb2361,秦國,qin guo
yrdb2362,秦家廠,qinjiachang
yrdb2363,秦家灣,qinjia wan
yrdb2364,秦州,qin zhou
yrdb2365,關子鎮,guanzi zhen
yrdb2366,秦溝,qin gou
yrdb2367,秦渡鎮,qindu zhen
yrdb2368,秦王川,qinwang chuan
yrdb2369,積石關,jishi guan
yrdb2370,程家寨,chengjia zhai
yrdb2371,稍子站茶引所,shaozizhanchayinsuo
yrdb2372,稒陽,guyang
yrdb2373,稠桑,chousang
yrdb2375,稷山亭,jishan ting
yrdb2376,穆陵關,muling guan
yrdb2377,窮本召,qiongbenzhao
yrdb2378,空倉堡,kongcang bao
yrdb2379,窯務,yaowu
yrdb2380,窯堤村,yaodi cun
yrdb2381,窯頭村,yaotou cun
yrdb2382,窯店,yaodian
yrdb2384,窟龍關,kulong guan
yrdb2385,竇家口,doujia kou
yrdb2386,竇家寨,doujia zhai
yrdb2387,竇莊,dou zhuang
yrdb2389,竇村鎮,doucun zhen
yrdb2390,立輪驛,lilun yi
yrdb2391,章丘,zhang qiu
yrdb2393,童家營,tongjia ying
yrdb2394,端氏,duanshi
yrdb2396,竹口鎮,zhukou zhen
yrdb2397,竹絡壩,zhuluo ba
yrdb2398,篤馬河,duma he
yrdb2399,符離鎮,fuli zhen
yrdb2400,第二將營,dierjiang ying
yrdb2401,第五埽,diwu sao
yrdb2402,第六埽,diliu sao
yrdb2403,策底鎮,cedi zhen
yrdb2404,箕關,ji guan
yrdb2405,箕城,ji cheng
yrdb2406,管城縣,guancheng xian
yrdb2407,籍姑,jigu
yrdb2408,米喇溝司,milagousi
yrdb2409,米山鎮,mishan zhen
yrdb2410,米辛關堡,mixinguan bao
yrdb2411,粟邑,su yi
yrdb2413,粱家淺,liangjiaqian
yrdb2414,索,suo
yrdb2415,紫柏村,zibai cun
yrdb2416,紫陵村,ziling cun
yrdb2417,絺城,chi cheng
yrdb2418,繁龐,fanpang
yrdb2419,紅古城堡,honggucheng bao
yrdb2420,紅土堡,hongtu bao
yrdb2421,紅土窯,hongtuyao
yrdb2422,紅城,hong cheng
yrdb2424,紅城子,hongchengzi
yrdb2425,紅城子堡,hongchengzi bao
yrdb2427,紅堡子,hongbuzi
yrdb2428,紅寺堡,hongsi bu
yrdb2429,紅山堡,hongshan bao
yrdb2430,紅川口,hongchuan kou
yrdb2431,紅德城,hongde cheng
yrdb2432,紅水鎮,hongshui zhen
yrdb2433,紅沙口,hongsha kou
yrdb2434,紅泉寨,hongquan zhai
yrdb2435,紅船灣,hongchuan wan
yrdb2436,紅門堡,hongmen bao
yrdb2437,綸氏,lunshi
yrdb2438,紙坊,zhifang
yrdb2439,紙營,zhi ying
yrdb2440,細柳,xiliu
yrdb2441,終南鎮,zhongnan zhen
yrdb2442,紹興,shaoxing
yrdb2443,結河關,jiehe guan
yrdb2444,絳,jiang
yrdb2445,絳州,jiang zhou
yrdb2446,綏平寨,suiping zhai
yrdb2447,綏德,suide
yrdb2448,綏陽小谷,suiyangxiao gu
yrdb2449,綿上,mianshang
yrdb2452,緱氏,goushi
yrdb2453,纏金,chanjin
yrdb2454,羅五堡,luowu bao
yrdb2455,羅家口,luojia kou
yrdb2456,羅家疃堡,luojiatuan bao
yrdb2457,羅局鎮,luoju zhen
yrdb2458,羅真鎮,luozhen zhen
yrdb2459,羅陰城,luoyin cheng
yrdb2460,羊山,yang shan
yrdb2461,羊腸倉,yangchangcang
yrdb2462,羊腸阪,yangchangban
yrdb2463,羌白鎮,qiangbai zhen
yrdb2464,美利渠,meili qu
yrdb2465,美原,meiyuan
yrdb2467,美稷,meiji
yrdb2468,羽陽宮,yuyang gong
yrdb2469,翁龍,wenglong
yrdb2470,翟家莊鎮,zhaijiazhuang zhen
yrdb2471,翟家所,zhaijiasuo
yrdb2472,翟店鎮,zhaidian zhen
yrdb2473,翼城,yi cheng
yrdb2474,耀州,yao zhou
yrdb2475,老君殿,laojundian
yrdb2476,老壩口,laoba kou
yrdb2477,老牛灣,laoniu wan
yrdb2479,老王谷,laowang gu
yrdb2480,老營堡,laoying bao
yrdb2481,老鴉關,laoya guan
yrdb2482,老鴉堡司,laoyabaosi
yrdb2484,考城縣,kaocheng xian
yrdb2485,耐牢坡,nailaopo
yrdb2486,耿,geng
yrdb2487,耿鄉,geng xiang
yrdb2488,耿家寨,gengjia zhai
yrdb2489,耿車,gengche
yrdb2490,聶家口,niejia kou
yrdb2491,聊城,liao cheng
yrdb2492,職田鎮,zhitian zhen
yrdb2493,聚樂城,jule cheng
yrdb2495,肅口,su kou
yrdb2496,肖關,xiao guan
yrdb2497,肖金鎮,xiaojin zhen
yrdb2498,膚施,fushi
yrdb2500,肥水縣,feishui xian
yrdb2501,胙城,zuo cheng
yrdb2502,勝金關,shengjin guan
yrdb2503,胡,hu
yrdb2504,胡家屯,hujia tun
yrdb2505,胡家樓,hujialou
yrdb2506,胡家灣,hujia wan
yrdb2508,胡峪堡,huyu bao
yrdb2509,胡店溝,hudian gou
yrdb2510,胡張鎮,huzhang zhen
yrdb2511,胡村寺,hucun si
yrdb2512,胡空谷,hukong gu
yrdb2513,胭脂溝,yanzhi gou
yrdb2514,膠萊河,jiaolai he
yrdb2515,脾沙崗,pishagang
yrdb2516,臼城,jiu cheng
yrdb2517,舒州,shu zhou
yrdb2518,舞陽,wuyang
yrdb2519,船司空,chuansikong
yrdb2520,船窩鎮,chuanwo zhen
yrdb2521,良原鎮,liangyuan zhen
yrdb2522,良鋪鎮,liangpu zhen
yrdb2523,色爾登,seerdeng
yrdb2524,艾嵩鎮,aisong zhen
yrdb2525,安豐塘,anfengtang
yrdb2526,芝川鎮,zhichuan zhen
yrdb2527,芝麻莊,zhima zhuang
yrdb2528,蘆塘營堡,lutangying bao
yrdb2529,蘆板寨,luban zhai
yrdb2530,蘆溝堡,lugou bao
yrdb2531,芮鄉,rui xiang
yrdb2532,花園,huayuan
yrdb2533,花園寨,huayuan zhai
yrdb2534,花所鎮,huasuo zhen
yrdb2535,花山,hua shan
yrdb2536,花花廟,huahua miao
yrdb2537,花馬池,huamachi
yrdb2538,芳蘭鎮,fanglan zhen
yrdb2539,芷陽,zhiyang
yrdb2540,芹地,qindi
yrdb2542,芹泉鎮,qinquan zhen
yrdb2543,芹泉驛,qinquan yi
yrdb2544,葦澤關,weize guan
yrdb2545,蘇陽,suyang
yrdb2546,蘇家山閘,sujiashanzha
yrdb2547,蘇家莊,sujia zhuang
yrdb2548,蘇家觜,sujiazi
yrdb2549,蘇村,su cun
yrdb2550,蘇村野場,sucunyechang
yrdb2551,蘇邨,sucun
yrdb2552,苗家坪,miaojia ping
yrdb2553,苗嶽鎮,miaoyue zhen
yrdb2554,苗村站,miaocun zhan
yrdb2555,苦水灣堡,kushuiwan bao
yrdb2557,英公村,yinggong cun
yrdb2558,英豪鎮,yinghao zhen
yrdb2559,範縣,fan xian
yrdb2560,範家口,fanjia kou
yrdb2561,範村,fan cun
yrdb2562,範村寨,fancun zhai
yrdb2563,範濟口,fanji kou
yrdb2564,範陽縣,fanyang xian
yrdb2565,茅家堤,maojia di
yrdb2566,茅家山,maojia shan
yrdb2568,茅津渡,maojin du
yrdb2569,茆良口,maoliang kou
yrdb2570,茶城,cha cheng
yrdb2571,茶城口,chacheng kou
yrdb2573,茹越營,ruyue ying
yrdb2574,荊姚鎮,jingyao zhen
yrdb2575,荊山口,jingshan kou
yrdb2576,荊州,jing zhou
yrdb2577,荊湖北路,jinghubei lu
yrdb2578,荊門軍,jingmen jun
yrdb2579,草垛山堡,caoduoshan bao
yrdb2581,草灣河,caowan he
yrdb2582,草灘,cao tan
yrdb2583,荔原寨,liyuan zhai
yrdb2584,荔家堡,lijia pu
yrdb2585,滎澤,xingze
yrdb2587,滎陽,xingyang
yrdb2589,藥王廟,yaowang miao
yrdb2590,莆家,pujia
yrdb2591,莫多沁,moduoqin
yrdb2592,莫屯,mo tun
yrdb2593,莫州,mo zhou
yrdb2594,蓮花城,lianhua cheng
yrdb2595,蓮花堡,lianhua bao
yrdb2597,蓮花池,lianhuachi
yrdb2598,獲嘉,huojia
yrdb2600,菏澤,heze
yrdb2601,萌井站,mengjing zhan
yrdb2602,萌城驛,mengcheng yi
yrdb2603,營堡,ying bao
yrdb2604,營田堡,yingtian bao
yrdb2605,營盤水驛,yingpanshui yi
yrdb2606,營里鋪,yingli pu
yrdb2607,蕭關,xiao guan
yrdb2609,蕭南廳,xiaonan ting
yrdb2611,蕭縣,xiao xian
yrdb2613,蕭家口,xiaojia kou
yrdb2614,蕭家莊,xiaojia zhuang
yrdb2615,蕭家渡,xiaojia du
yrdb2616,薩爾沁,saerqin
yrdb2617,薩拉齊,salaqi
yrdb2618,萯陽宮,fuyang gong
yrdb2619,落都,luodu
yrdb2621,落門鎮,luomen zhen
yrdb2622,董亭,dong ting
yrdb2623,董城,dong cheng
yrdb2624,董家坪,dongjia ping
yrdb2625,董家山,dongjia shan
yrdb2626,董家營,dongjia ying
yrdb2627,董誌鎮,dongzhi zhen
yrdb2628,董盆口,dongpen kou
yrdb2629,董茹堡,dongru bao
yrdb2630,董陳二溝,dongchener gou
yrdb2631,葫蘆河,hulu he
yrdb2632,葫蘆灣,hulu wan
yrdb2633,葰人,junren
yrdb2634,葵丘,kui qiu
yrdb2635,葵城,kui cheng
yrdb2636,蔣家峪,jiangjiayu
yrdb2637,蔣家營,jiangjia ying
yrdb2638,蒙古,menggu
yrdb2639,蒙坑,mengkeng
yrdb2640,蒙城,meng cheng
yrdb2642,蒙墻寺,mengqiang si
yrdb2643,蒙山,meng shan
yrdb2644,蒙陰山,mengyin shan
yrdb2645,蒯鄉,kuai xiang
yrdb2646,蒲口,pu kou
yrdb2647,蒲臺縣,putai xian
yrdb2648,蒲阪津,puban jin
yrdb2649,蒲城,pu cheng
yrdb2650,蒲子,puzi
yrdb2651,蒲州,pu zhou
yrdb2653,蒲谷鄉,pugu xiang
yrdb2656,蒲陽,puyang
yrdb2658,蒿店鎮,haodian zhen
yrdb2659,藍,lan
yrdb2660,藍橋鎮,lanqiao zhen
yrdb2661,藍田關,lantian guan
yrdb2662,薊州,ji zhou
yrdb2663,蓼子谷,liaozi gu
yrdb2664,蔚汾河,weifen he
yrdb2665,蔡家口,caijia kou
yrdb2666,蔡家樓,caijialou
yrdb2667,蔡州,cai zhou
yrdb2668,蔡村堡,caicun bao
yrdb2669,蔡祥堡,caixiang bao
yrdb2670,薔,qiang
yrdb2671,藺,lin
yrdb2672,蕞,zui
yrdb2673,蘄州,qi zhou
yrdb2674,薄莊,bao zhuang
yrdb2675,薄骨律,baogulü
yrdb2676,薛關鎮,xueguan zhen
yrdb2677,薛家樓,xuejialou
yrdb2678,薛庵,xuean
yrdb2679,薛村鎮,xuecun zhen
yrdb2680,薛祿鎮,xuelu zhen
yrdb2681,薛稽鎮,xueji zhen
yrdb2682,藏家橋,cangjia qiao
yrdb2683,藿人,huoren
yrdb2684,虎圈,huquan
yrdb2685,虎峪口,huyu kou
yrdb2686,虎牢關,hulao guan
yrdb2687,虒亭鎮,siting zhen
yrdb2688,虞鄉,yu xiang
yrdb2689,虞阪嶺橋,yubanling qiao
yrdb2690,虞城,yu cheng
yrdb2691,虞城縣,yucheng xian
yrdb2692,虢,guo
yrdb2693,虢亭,guo ting
yrdb2694,虢縣鎮,guoxian zhen
yrdb2695,虢州,guo zhou
yrdb2696,虢王村,guowang cun
yrdb2697,虢略,guolüe
yrdb2700,虹縣,hong xian
yrdb2701,虹梯關,hongti guan
yrdb2702,蛤蟆灘,hama tan
yrdb2703,蜀,shu
yrdb2704,蟠龍集,panlong ji
yrdb2705,街亭,jie ting
yrdb2706,街子口,jiezi kou
yrdb2707,街子河,jiezi he
yrdb2709,衙,ya
yrdb2711,衡家樓,hengjialou
yrdb2712,衡州,heng zhou
yrdb2713,衡水縣,hengshui xian
yrdb2714,裕,yu
yrdb2715,裴社鎮,peishe zhen
yrdb2716,褚氏亭,chushi ting
yrdb2717,褚氏聚,chushiju
yrdb2719,襄樂鎮,xiangle zhen
yrdb2720,襄垣,xiangyuan
yrdb2721,襄州,xiang zhou
yrdb2722,襄邑,xiang yi
yrdb2723,西京,xijing
yrdb2724,西亳,xibo
yrdb2725,西華,xihua
yrdb2727,西華池,xihuachi
yrdb2728,西受降城,xishouxiang cheng
yrdb2729,西古城堡,xigucheng bao
yrdb2730,西和,xihe
yrdb2731,河橋驛,heqiao yi
yrdb2733,西姚,xiyao
yrdb2735,西寧府,xining fu
yrdb2736,西安堡,xian bao
yrdb2737,西安州營,xianzhou ying
yrdb2738,西屯鎮,xitun zhen
yrdb2739,西岔河,xicha he
yrdb2740,西峪寨,xiyu zhai
yrdb2741,西峰鎮,xifeng zhen
yrdb2742,西川鎮海堡,xichuanzhenhai bao
yrdb2743,西鞏驛,xigong yi
yrdb2744,西平城,xiping cheng
yrdb2745,西影塘,xiyingtang
yrdb2746,西橋,xi qiao
yrdb2748,西湯鎮,xitang zhen
yrdb2749,西溝門,xigoumen
yrdb2750,西洋廟口,xiyangmiao kou
yrdb2751,西澗,xijian
yrdb2752,西濠,xihao
yrdb2754,西火鎮,xihuo zhen
yrdb2755,西煙堡,xiyan bao
yrdb2756,西硙口,xiwei kou
yrdb2757,西紙坊,xizhifang
yrdb2758,西營鎮,xiying zhen
yrdb2759,西邯,xihan
yrdb2760,西門,ximen
yrdb2761,西駱峪,xiluoyu
yrdb2762,觀城,guan cheng
yrdb2763,觀音堂,guanyintang
yrdb2764,角杯村,jiaobei cun
yrdb2765,解,jie
yrdb2766,解口,jie kou
yrdb2767,解州,xie zhou
yrdb2768,解店鎮,jiedian zhen
yrdb2769,解愁鎮,jiechou zhen
yrdb2770,訾,zi
yrdb2772,訾家營,zijia ying
yrdb2773,詹家店,zhanjiadian
yrdb2774,計素渚,jisuzhu
yrdb2775,許家莊堡,xujiazhuang bao
yrdb2776,許家港,xujiagang
yrdb2777,許州,xu zhou
yrdb2778,許莊,xu zhuang
yrdb2779,月堤,yue di
yrdb2780,譙郡,qiao jun
yrdb2781,譙家莊,qiaojia zhuang
yrdb2782,譙州,qiao zhou
yrdb2783,譙樓寺,qiaolou si
yrdb2784,谷亭,gu ting
yrdb2785,谷口,gu kou
yrdb2786,谷城,gu cheng
yrdb2787,谷家莊,gujia zhuang
yrdb2788,谷熟縣,gushu xian
yrdb2789,谷羅城,guluo cheng
yrdb2790,豆田壁,doutianbi
yrdb2791,豕韋,shiwei
yrdb2792,豫,yu
yrdb2793,豫東,yudong
yrdb2795,豳鄉,bin xiang
yrdb2796,貝州,bei zhou
yrdb2797,敗虎堡,baihu bao
yrdb2798,貫臺,guantai
yrdb2799,貴德所,guidesuo
yrdb2801,賈令鎮,jialing zhen
yrdb2802,賈家壩,jiajia ba
yrdb2803,賈家堡,jiajia pu
yrdb2804,賈家莊堡,jiajiazhuang bao
yrdb2805,賈家樓,jiajialou
yrdb2806,賈莊,jia zhuang
yrdb2807,賈村塬,jiacunyuan
yrdb2808,賈魯河,jialu he
yrdb2809,資河,zi he
yrdb2810,贛榆,ganyu
yrdb2811,赤亭,chi ting
yrdb2812,赤兒山,chier shan
yrdb2813,赤咀站,chiju zhan
yrdb2814,赤城堡,chicheng bao
yrdb2815,赤城鎮,chicheng zhen
yrdb2816,赤延鎮,chiyan zhen
yrdb2817,赤晏廟,chiyan miao
yrdb2818,赤木口,chimu kou
yrdb2819,赤水,chi shui
yrdb2820,赤眉城,chimei cheng
yrdb2821,赫家寨,hejia zhai
yrdb2822,趙保鎮,zhaobao zhen
yrdb2824,趙國,zhao guo
yrdb2825,趙城,zhao cheng
yrdb2826,趙堡鎮,zhaobao zhen
yrdb2827,趙家,zhaojia
yrdb2828,趙家圈,zhaojiaquan
yrdb2829,趙家潭,zhaojiatan
yrdb2830,趙家菜園,zhaojiacaiyuan
yrdb2831,趙家集,zhaojia ji
yrdb2832,趙屋嶺,zhaowu ling
yrdb2833,趙州,zhao zhou
yrdb2834,趙莊,zhao zhuang
yrdb2835,趙莊堡,zhaozhuang bao
yrdb2836,趙曲鎮,zhaoqu zhen
yrdb2837,趙村,zhao cun
yrdb2838,趙渡鎮,zhaodu zhen
yrdb2839,趙王河,zhaowang he
yrdb2840,趙皮寨,zhaopi zhai
yrdb2841,趙盤寨,zhaopan zhai
yrdb2842,起臺堡,qitai bao
yrdb2843,路城鎮,lucheng zhen
yrdb2844,露,lu
yrdb2845,轘轅,huanyuan
yrdb2848,車船口,chechuan kou
yrdb2849,車道嶺,chedao ling
yrdb2851,轉角,zhuanjiao
yrdb2854,軹城,zhi cheng
yrdb2855,軹道,zhi dao
yrdb2856,輝,hui
yrdb2857,辛安,xinan
yrdb2859,辛家蕩,xinjiadang
yrdb2860,辛置鎮,xinzhi zhen
yrdb2861,邊寨鎮,bianzhai zhen
yrdb2862,遼東,liaodong
yrdb2863,遼寧,liaoning
yrdb2864,遼陽城,liaoyang cheng
yrdb2865,達什波羅,dashiboluo
yrdb2866,迎恩堡,yingen bao
yrdb2867,迎陽埽,yingyang sao
yrdb2868,運城,yun cheng
yrdb2869,近畿,jinji
yrdb2870,遠來鎮,yuanlai zhen
yrdb2871,遠門鎮,yuanmen zhen
yrdb2872,連城,lian cheng
yrdb2873,連城司,lianchengsi
yrdb2874,連谷,lian gu
yrdb2875,叠烈孫,dieliesun
yrdb2876,通利軍,tongli jun
yrdb2878,通安驛,tongan yi
yrdb2879,通州,tong zhou
yrdb2880,通惠河,tonghui he
yrdb2881,通昌堡,tongchang bao
yrdb2882,通濟橋,tongji qiao
yrdb2883,通濟渠,tongji qu
yrdb2884,通源閘,tongyuanzha
yrdb2885,通許,tongxu
yrdb2886,通貨堡,tonghuo bao
yrdb2887,通遠堡,tongyuan bao
yrdb2888,遂寧府,suining fu
yrdb2889,道義寨,daoyi zhai
yrdb2890,道佐鋪,daozuo pu
yrdb2891,道口,dao kou
yrdb2892,道州,dao zhou
yrdb2895,鄧賓口,dengbin kou
yrdb2896,鄧州,deng zhou
yrdb2897,鄧津,deng jin
yrdb2898,邗,han
yrdb2899,邘城,yu cheng
yrdb2900,邢丘,xing qiu
yrdb2901,邢家口,xingjia kou
yrdb2902,邢州,xing zhou
yrdb2903,邥垂亭,shenchui ting
yrdb2904,鄔縣,wu xian
yrdb2905,鄔聚,wuju
yrdb2906,邯鄲,handan
yrdb2907,邳,pi
yrdb2908,邳北廳,pibei ting
yrdb2909,邳州,pi zhou
yrdb2910,邳睢廳,pisui ting
yrdb2911,邵亭,shao ting
yrdb2912,邵伯湖,shaobohu
yrdb2913,邵剛堡,shaogang bao
yrdb2914,邵原鎮,shaoyuan zhen
yrdb2915,邵家壩,shaojia ba
yrdb2916,邵家口,shaojia kou
yrdb2917,邵寨鎮,shaozhai zhen
yrdb2918,邵武,shaowu
yrdb2919,邵源鎮,shaoyuan zhen
yrdb2920,邸,di
yrdb2921,邸店,didian
yrdb2922,鄒平,zouping
yrdb2924,鄴都,yedu
yrdb2925,邽縣,gui xian
yrdb2926,郁郅,yuzhi
yrdb2927,郃陽,heyang
yrdb2929,郎江,langjiang
yrdb2930,鄭,zheng
yrdb2931,鄭下汛十一堡,zhengxiaxunshiyi bao
yrdb2932,鄭下汛十二堡,zhengxiaxunshier bao
yrdb2933,鄭下汛十堡,zhengxiaxunshi bao
yrdb2934,鄭伯津,zhengbo jin
yrdb2935,鄭縣,zheng xian
yrdb2936,鄭國,zheng guo
yrdb2937,鄭家莊,zhengjia zhuang
yrdb2938,鄭州,zheng zhou
yrdb2940,鄭莊渡,zhengzhuang du
yrdb2941,鄭旗營,zhengqi ying
yrdb2942,鄭渠,zheng qu
yrdb2943,鄆城縣,yuncheng xian
yrdb2944,鄆州,yun zhou
yrdb2945,郖津,dou jin
yrdb2946,郩塞,xiaosai
yrdb2947,郭固,guogu
yrdb2948,郭城,guo cheng
yrdb2949,郭家埠,guojiabu
yrdb2950,郭家觜,guojiazi
yrdb2951,郭家溝,guojia gou
yrdb2952,郭家渡,guojia du
yrdb2953,郭家紙坊,guojiazhifang
yrdb2954,郭家鎮,guojia zhen
yrdb2955,郭家集,guojia ji
yrdb2956,郭村,guo cun
yrdb2957,郭村鎮,guocun zhen
yrdb2958,郭煖樓,guoxuanlou
yrdb2959,郭盆鎮,guopen zhen
yrdb2960,郭貫樓,guoguanlou
yrdb2961,郭道鎮,guodao zhen
yrdb2962,郯城,tan cheng
yrdb2963,鄲城,dan cheng
yrdb2964,郾城,yan cheng
yrdb2966,郿縣,mei xian
yrdb2969,郿現鎮,meixian zhen
yrdb2970,鄂爾格深,eergeshen
yrdb2971,鄂州,e zhou
yrdb2972,鄄,juan
yrdb2975,鄜城,fu cheng
yrdb2976,鄜州,fu zhou
yrdb2977,鄠,hu
yrdb2978,鄢,yan
yrdb2979,鄢陵,yanling
yrdb2980,酒店驛,jiudian yi
yrdb2981,酸棗縣,suanzao xian
yrdb2982,醴泉,liquan
yrdb2983,采桑津,caisang jin
yrdb2985,重泉城,zhongquan cheng
yrdb2986,野川鎮,yechuan zhen
yrdb2987,野狐城堡,yehucheng bao
yrdb2988,野豬峽,yezhuxia
yrdb2989,野雞崗,yejigang
yrdb2990,金,jin
yrdb2991,金鄉鎮,jinxiang zhen
yrdb2992,金剛城,jingang cheng
yrdb2993,金剛庫,jingangku
yrdb2994,金縣,jin xian
yrdb2995,金城,jin cheng
yrdb2996,金城關,jincheng guan
yrdb2997,金堤,jin di
yrdb2998,金墉城,jinyong cheng
yrdb2999,金家臺,jinjiatai
yrdb3000,金家崖,jinjiaya
yrdb3001,金州,jin zhou
yrdb3002,金鬥關,jindou guan
yrdb3003,金村堤,jincun di
yrdb3004,金柳城,jinliu cheng
yrdb3005,金水,jin shui
yrdb3006,金湯寨,jintang zhai
yrdb3007,金津,jin jin
yrdb3008,金渠鎮,jinqu zhen
yrdb3009,金王莊,jinwang zhuang
yrdb3010,金相寺,jinxiang si
yrdb3012,金積壕,jinjihao
yrdb3013,金谷,jin gu
yrdb3014,金鎖關,jinsuo guan
yrdb3015,金龍口,jinlong kou
yrdb3016,鉅鹿,julu
yrdb3018,鐘提,zhongti
yrdb3019,鈞州,jun zhou
yrdb3020,鐵匠莊,tiejiang zhuang
yrdb3021,鐵山堡,tieshan bao
yrdb3022,鐵柱泉,tiezhuquan
yrdb3023,鐵羅關,tieluo guan
yrdb3024,鐵角城,tiejiao cheng
yrdb3025,鐵門關,tiemen guan
yrdb3026,銅,tong
yrdb3027,銅城,tong cheng
yrdb3028,銅城鎮,tongcheng zhen
yrdb3029,銅山縣,tongshan xian
yrdb3030,銅川橋,tongchuan qiao
yrdb3031,銅沛廳,tongpei ting
yrdb3032,銅瓦廂,tongwaxiang
yrdb3033,銅鞮縣,tongdi xian
yrdb3034,銀川,yin chuan
yrdb3035,銀州關,yinzhou guan
yrdb3036,鋪路鎮,pulu zhen
yrdb3037,鎖南壩,suonan ba
yrdb3038,鎖南巴寨,suonanba zhai
yrdb3039,鎮北堡,zhenbei bao
yrdb3040,鎮口,zhen kou
yrdb3041,鎮宏堡,zhenhong bao
yrdb3042,鎮定,zhending
yrdb3044,鎮州,zhen zhou
yrdb3045,鎮戎,zhenrong
yrdb3046,鎮戎所,zhenrongsuo
yrdb3047,鎮朔堡,zhenshuo bao
yrdb3048,鎮江,zhenjiang
yrdb3049,鎮河堡,zhenhe bao
yrdb3050,鎮海堡,zhenhai bao
yrdb3051,鎮羅堡,zhenluo bao
yrdb3052,鎮羌堡,zhenqiang bao
yrdb3053,鎮虜,zhenlu
yrdb3054,鎮虜堡,zhenlu bao
yrdb3055,鎮路堡,zhenlu bao
yrdb3056,鎮邊堡,zhenbian bao
yrdb3057,鎮遠關,zhenyuan guan
yrdb3058,鎮門堡,zhenmen bao
yrdb3059,鎮靖堡,zhenjing bao
yrdb3060,鎮魯堡,zhenlu bao
yrdb3061,鎬,hao
yrdb3062,長樂堡,changle bao
yrdb3063,長樂鎮,changle zhen
yrdb3064,長垣,changyuan
yrdb3066,長城,chang cheng
yrdb3067,長城關,changcheng guan
yrdb3068,長子,zhangzi
yrdb3071,長寧堡,changning bao
yrdb3072,長安,changan
yrdb3073,長山,chang shan
yrdb3074,長山縣,changshan xian
yrdb3078,長平關,changping guan
yrdb3079,長平觀,changpingguan
yrdb3081,長林縣,changlin xian
yrdb3083,長流水驛,changliushui yi
yrdb3084,長清縣,changqing xian
yrdb3085,長蛇鎮,changshe zhen
yrdb3086,長道縣,changdao xian
yrdb3088,長門亭,changmen ting
yrdb3089,門扇岔,menshancha
yrdb3090,閬州,lang zhou
yrdb3091,閿鄉,wen xiang
yrdb3092,閿底鎮,wendi zhen
yrdb3093,閻家店,yanjiadian
yrdb3095,閼與聚,eyuju
yrdb3096,闕門鎮,quemen zhen
yrdb3097,闞村,kan cun
yrdb3098,阜城,fu cheng
yrdb3099,阜城鎮,fucheng zhen
yrdb3100,阜寧,funing
yrdb3102,陽興寨,yangxing zhai
yrdb3103,陽城,yang cheng
yrdb3104,陽城縣,yangcheng xian
yrdb3105,陽市邑,yangshi yi
yrdb3106,陽平鎮,yangping zhen
yrdb3108,陽方口堡,yangfangkou bao
yrdb3109,陽明堡,yangming bao
yrdb3110,陽曲,yangqu
yrdb3111,陽樊田,yangfantian
yrdb3112,陽武,yangwu
yrdb3113,陽武縣,yangwu xian
yrdb3114,陽武峪堡,yangwuyu bao
yrdb3115,陽湖,yanghu
yrdb3117,陽翟,yangzhai
yrdb3118,陽胡城,yanghu cheng
yrdb3119,陽谷,yang gu
yrdb3121,陽谷堤,yanggu di
yrdb3122,陽邑,yang yi
yrdb3123,陽阿城,yanga cheng
yrdb3125,陰地關,yindi guan
yrdb3126,陰密,yinmi
yrdb3127,陰成,yincheng
yrdb3128,陰晉,yinjin
yrdb3130,陰館城,yinguan cheng
yrdb3131,階州,jie zhou
yrdb3132,阻虎堡,zuhu bao
yrdb3133,阿城,a cheng
yrdb3134,阿幹,agan
yrdb3136,阿房宮,epang gong
yrdb3137,阿拉廟,ala miao
yrdb3138,阿魯烏爾圖,aluwuertu
yrdb3139,附城鎮,fucheng zhen
yrdb3140,陸家社,lujiashe
yrdb3141,陸座樓,luzuolou
yrdb3142,陸柏鎮,lubai zhen
yrdb3143,陸渾關,luhun guan
yrdb3145,大寨站,dazhai zhan
yrdb3147,隴城關,longcheng guan
yrdb3148,隴城縣,longcheng xian
yrdb3149,隴安,longan
yrdb3150,隴西縣,longxi xian
yrdb3151,陳,chen
yrdb3152,陳兩河,chenliang he
yrdb3153,陳倉,chencang
yrdb3154,陳壚鎮,chenlu zhen
yrdb3155,陳埽,chen sao
yrdb3156,陳孟口,chenmeng kou
yrdb3157,陳家口,chenjia kou
yrdb3158,陳家堡,chenjia pu
yrdb3159,陳家寨,chenjia zhai
yrdb3160,陳家屯,chenjia tun
yrdb3161,陳家莊,chenjia zhuang
yrdb3162,陳家林,chenjialin
yrdb3163,陳家樓,chenjialou
yrdb3164,陳家浦,chenjiapu
yrdb3165,陳家社,chenjiashe
yrdb3166,陳家窯,chenjiayao
yrdb3167,陳家紙坊,chenjiazhifang
yrdb3168,陳家道,chenjia dao
yrdb3169,陳州,chen zhou
yrdb3170,陳村,chen cun
yrdb3171,陳村峪,chencunyu
yrdb3172,陳橋鋪,chenqiao pu
yrdb3173,陳橋鎮,chenqiao zhen
yrdb3174,陳留,chenliu
yrdb3175,陳福莊,chenfu zhuang
yrdb3176,陳空鎮,chenkong zhen
yrdb3177,陳鋪,chen pu
yrdb3178,陘城,xing cheng
yrdb3180,陌底鎮,modi zhen
yrdb3184,陜縣,xia xian
yrdb3185,陜右,xiayou
yrdb3186,陜州,xia zhou
yrdb3187,陜津,xia jin
yrdb3188,陜西,xiaxi
yrdb3189,陜西東路,xiaxidong lu
yrdb3190,陜西路,xiaxi lu
yrdb3191,陡山,dou shan
yrdb3192,陵,ling
yrdb3193,陵井驛,lingjing yi
yrdb3194,陶家店,taojiadian
yrdb3195,陶莊,tao zhuang
yrdb3196,陶村堡,taocun bao
yrdb3197,隆務寺,longwu si
yrdb3198,隆坊,longfang
yrdb3199,隆平,longping
yrdb3200,隆舟峪,longzhouyu
yrdb3201,隘口村,aikou cun
yrdb3202,隰,xi
yrdb3203,隰城,xi cheng
yrdb3204,隰寧堡,xining bao
yrdb3205,雁翔關,yanxiang guan
yrdb3206,雁門關,yanmen guan
yrdb3207,雁領關,yanling guan
yrdb3208,雄州,xiong zhou
yrdb3209,雄武埽,xiongwu sao
yrdb3210,雅州,ya zhou
yrdb3211,集仙館,jixianguan
yrdb3212,集州,ji zhou
yrdb3213,集靈宮,jiling gong
yrdb3214,雍,yong
yrdb3215,雍丘,yong qiu
yrdb3216,雍縣,yong xian
yrdb3217,雎州,ju zhou
yrdb3218,雕陰,diaoyin
yrdb3219,雨金鎮,yujin zhen
yrdb3220,零口鎮,lingkou zhen
yrdb3221,雷家莊堡,leijiazhuang bao
yrdb3222,雷家集,leijia ji
yrdb3223,雷村鎮,leicun zhen
yrdb3224,雷福堡,leifu bao
yrdb3225,雷街鎮,leijie zhen
yrdb3226,雷遠鎮,leiyuan zhen
yrdb3227,雷陽鎮,leiyang zhen
yrdb3228,霍家橋,huojia qiao
yrdb3229,霍山,huo shan
yrdb3230,霍州,huo zhou
yrdb3231,霍趙堡,huozhao bao
yrdb3232,霍魯罕召,huoluhanzhao
yrdb3233,霜澤寨,shuangze zhai
yrdb3234,露井鎮,lujing zhen
yrdb3235,露鋪,lu pu
yrdb3236,霸上,bashang
yrdb3237,霸州,ba zhou
yrdb3238,霸橋,ba qiao
yrdb3239,青,qing
yrdb3240,清豐口,qingfeng kou
yrdb3241,青岡,qinggang
yrdb3242,青岡坪,qinggang ping
yrdb3243,青岡峽,qinggangxia
yrdb3244,青化鎮,qinghua zhen
yrdb3245,青縣,qing xian
yrdb3246,青城,qing cheng
yrdb3247,青墩營,qingdun ying
yrdb3249,青家驛,qingjia yi
yrdb3250,青州,qing zhou
yrdb3251,青泥,qingni
yrdb3252,青海,qinghai
yrdb3253,青海東部,qinghaidongbu
yrdb3254,青田,qingtian
yrdb3255,青石岸,qingshian
yrdb3256,青花鎮,qinghua zhen
yrdb3257,青陽灣,qingyang wan
yrdb3258,青龍岡,qinglonggang
yrdb3260,青龍鎮,qinglong zhen
yrdb3261,靖邊,jingbian
yrdb3263,靖遠縣,jingyuan xian
yrdb3264,靜州,jing zhou
yrdb3265,靜海,jinghai
yrdb3266,靜陽鎮,jingyang zhen
yrdb3267,靛池閣,dianchige
yrdb3268,靳家寨,jinjia zhai
yrdb3269,鞥滾,enggun
yrdb3270,韋家樓,weijialou
yrdb3271,韋州堡,weizhou bao
yrdb3273,韋曲,weiqu
yrdb3274,韓信溝,hanxin gou
yrdb3275,韓國,han guo
yrdb3276,韓城縣,hancheng xian
yrdb3277,韓城鎮,hancheng zhen
yrdb3278,韓壁寨,hanbi zhai
yrdb3279,韓家堂,hanjiatang
yrdb3280,韓家寺,hanjia si
yrdb3281,韓家山,hanjia shan
yrdb3282,韓家莊,hanjia zhuang
yrdb3283,韓家道口,hanjiadao kou
yrdb3284,韓家集司,hanjiajisi
yrdb3285,韓莊,han zhuang
yrdb3286,韓店,handian
yrdb3288,韓村,han cun
yrdb3289,韓洪鎮,hanhong zhen
yrdb3290,韓登家,handengjia
yrdb3291,韭菜莊窩,jiucaizhuangwo
yrdb3292,韭菜灘,jiucai tan
yrdb3293,項城縣,xiangcheng xian
yrdb3294,順堤河,shundi he
yrdb3295,順寧,shunning
yrdb3297,順德,shunde
yrdb3298,順清河,shunqing he
yrdb3299,須城,xu cheng
yrdb3301,須水鎮,xushui zhen
yrdb3302,頓丘,dun qiu
yrdb3303,預旺城,yuwang cheng
yrdb3304,潁上,yingshang
yrdb3305,潁川,ying chuan
yrdb3306,潁州,ying zhou
yrdb3307,潁水,ying shui
yrdb3308,頻陽縣,pinyang xian
yrdb3309,顏家集,yanjia ji
yrdb3310,顏河口,yanhe kou
yrdb3311,顛軨阪,dianlingban
yrdb3313,風陵關,fengling guan
yrdb3314,風陵渡,fengling du
yrdb3315,飛雲橋,feiyun qiao
yrdb3316,飲馬池,yinmachi
yrdb3317,饒安,raoan
yrdb3318,饒州,rao zhou
yrdb3319,饒陽水堡,raoyangshui bao
yrdb3320,館陶縣,guantao xian
yrdb3323,首陽鎮,shouyang zhen
yrdb3324,香山大堤,xiangshanda di
yrdb3325,香河,xiang he
yrdb3326,香泉,xiangquan
yrdb3328,馬烏鎮,mawu zhen
yrdb3329,馬冢,mazhong
yrdb3330,馬剛堡,magang bao
yrdb3331,馬廠坡,machangpo
yrdb3332,馬家口,majia kou
yrdb3333,馬家店,majiadian
yrdb3334,馬家廟,majia miao
yrdb3335,馬家橋,majia qiao
yrdb3336,馬家河,majia he
yrdb3337,馬家淺,majiaqian
yrdb3338,馬家集,majia ji
yrdb3339,馬嶺關,maling guan
yrdb3340,馬嶺鎮,maling zhen
yrdb3341,馬嵬,mawei
yrdb3343,馬莊,ma zhuang
yrdb3344,馬鬥關,madou guan
yrdb3346,馬曲村,maqu cun
yrdb3347,馬村,ma cun
yrdb3348,馬村關,macun guan
yrdb3349,馬村堤,macun di
yrdb3350,馬欄鎮,malan zhen
yrdb3351,馬棚灣,mapeng wan
yrdb3352,馬武寨,mawu zhai
yrdb3353,馬港,magang
yrdb3354,馬港口,magang kou
yrdb3355,馬牧集,mamu ji
yrdb3356,馬站,ma zhan
yrdb3357,馬船幫,machuanbang
yrdb3358,馬良集,maliang ji
yrdb3360,馬蓮鎮,malian zhen
yrdb3361,馬營,ma ying
yrdb3362,馬營口,maying kou
yrdb3363,馬營監鎮,mayingjian zhen
yrdb3364,馬跑泉,mapaoquan
yrdb3365,馬蹄埽河,matisao he
yrdb3366,馬邑,ma yi
yrdb3368,馬鋪嶺,mapu ling
yrdb3369,馬防鎮,mafang zhen
yrdb3370,馬陵,maling
yrdb3371,馬陵山,maling shan
yrdb3372,馬頰河,majia he
yrdb3373,馬鹿鎮,malu zhen
yrdb3374,驢夷城,lüyi cheng
yrdb3375,驛馬關,yima guan
yrdb3376,駱馬湖,luomahu
yrdb3377,高令望莊,gaolingwang zhuang
yrdb3378,高縣鎮,gaoxian zhen
yrdb3379,高城嶺,gaocheng ling
yrdb3380,高家堡,gaojia pu
yrdb3381,高家堰,gaojiayan
yrdb3382,高家灣,gaojia wan
yrdb3383,高家紙坊,gaojiazhifang
yrdb3384,高家集,gaojia ji
yrdb3385,高寨,gao zhai
yrdb3386,高山堡,gaoshan bao
yrdb3388,高嶺,gao ling
yrdb3389,高平,gaoping
yrdb3390,高平城,gaoping cheng
yrdb3391,高平堡,gaoping bao
yrdb3392,高平陵,gaopingling
yrdb3393,高莊,gao zhuang
yrdb3394,高店子營,gaodianzi ying
yrdb3395,高廟,gao miao
yrdb3396,高村,gao cun
yrdb3397,高柳,gaoliu
yrdb3398,高梁,gaoliang
yrdb3399,高樓莊,gaolou zhuang
yrdb3400,高洪口,gaohong kou
yrdb3401,高粱,gaoliang
yrdb3404,高良澗,gaoliangjian
yrdb3405,高苑縣,gaoyuan xian
yrdb3406,高郵,gaoyou
yrdb3408,高都,gaodu
yrdb3409,高都城,gaodu cheng
yrdb3410,高門,gaomen
yrdb3411,高門關,gaomen guan
yrdb3413,高門堤,gaomen di
yrdb3414,高闕,gaoque
yrdb3417,高阜,gaofu
yrdb3418,高陵,gaoling
yrdb3419,高青,gaoqing
yrdb3420,魏,wei
yrdb3421,魏縣,wei xian
yrdb3422,魏國,wei guo
yrdb3423,魏城,wei cheng
yrdb3424,魏家莊,weijia zhuang
yrdb3425,魏家店,weijiadian
yrdb3426,魏家灣,weijia wan
yrdb3427,魏家道口,weijiadao kou
yrdb3428,魏州,wei zhou
yrdb3429,魏郡,wei jun
yrdb3431,魚臺縣,yutai xian
yrdb3433,魚池,yuchi
yrdb3435,魚河堡,yuhe bao
yrdb3436,魚王口,yuwang kou
yrdb3437,魯國,lu guo
yrdb3438,魯家灣,lujia wan
yrdb3439,魯莊,lu zhuang
yrdb3440,鮑家口,baojia kou
yrdb3441,鮑家營,baojia ying
yrdb3442,雞兒咀,jierju
yrdb3443,雞嘴壩,jizui ba
yrdb3444,雞心灘,jixin tan
yrdb3445,雞澤,jize
yrdb3446,雞爪溝,jizhao gou
yrdb3447,雞鳴臺,jimingtai
yrdb3448,雞鹿塞,jilusai
yrdb3449,鳴沙州,mingsha zhou
yrdb3451,鳴犢口,mingdu kou
yrdb3452,鳴臯鎮,minggao zhen
yrdb3454,鳴謙驛,mingqian yi
yrdb3455,鴛鴦口,yuanyang kou
yrdb3456,鴛鴦鎮,yuanyang zhen
yrdb3457,鴻德苑,hongde yuan
yrdb3458,鴻門,hongmen
yrdb3460,鶉觚原,chunguyuan
yrdb3461,鹯陰口,zhanyin kou
yrdb3462,鹿臺,lutai
yrdb3463,鹿徑嶺,lujing ling
yrdb3464,鹿邑,lu yi
yrdb3465,麟遊縣,linyou xian
yrdb3466,麥大力廟,maidali miao
yrdb3467,麻地溝,madi gou
yrdb3468,麻夫站,mafu zhan
yrdb3470,麻子街,mazijie
yrdb3471,麻家臺,majiatai
yrdb3472,麻田鎮,matian zhen
yrdb3473,黃丘,huang qiu
yrdb3474,黃亭,huang ting
yrdb3475,黃岡廟,huanggang miao
yrdb3476,黃土堡,huangtu bao
yrdb3477,黃土寨,huangtu zhai
yrdb3478,黃壩新河,huangbaxin he
yrdb3479,黃堌口,huanggu kou
yrdb3480,黃堡鎮,huangbao zhen
yrdb3481,黃家嘴,huangjiazui
yrdb3482,黃家灣,huangjia wan
yrdb3483,黃山壩,huangshan ba
yrdb3484,黃山宮,huangshan gong
yrdb3485,黃峽口,huangxia kou
yrdb3486,黃村,huang cun
yrdb3487,黃櫨嶺,huanglu ling
yrdb3488,黃梅縣,huangmei xian
yrdb3489,黃沁廳,huangqin ting
yrdb3490,黃沙崗,huangshagang
yrdb3491,黃河三花間,huanghesanhuajian
yrdb3492,黃河源,huangheyuan
yrdb3493,黃澤關,huangze guan
yrdb3494,黃瓜堆,huangguadui
yrdb3496,黃甫營,huangfu ying
yrdb3497,黃白城,huangbai cheng
yrdb3498,黃碾鎮,huangnian zhen
yrdb3499,黃練集堤,huanglianji di
yrdb3500,黃蘆嶺關,huangluling guan
yrdb3501,黃里鋪,huangli pu
yrdb3502,黃金壩,huangjin ba
yrdb3503,黃陵岡,huanglinggang
yrdb3504,黃馬阪,huangmaban
yrdb3505,黃龍堡,huanglong bao
yrdb3506,黍葭谷,shujia gu
yrdb3507,黎亭,li ting
yrdb3508,黎陽縣,liyang xian
yrdb3509,黑岡堤,heigang di
yrdb3510,黑城,hei cheng
yrdb3511,黑城堡,heicheng bao
yrdb3512,黑城子,heichengzi
yrdb3513,黑城工,heichenggong
yrdb3514,黑山,hei shan
yrdb3515,黑山寨,heishan zhai
yrdb3516,黑峪口,heiyu kou
yrdb3517,黑水堡,heishui bao
yrdb3518,黑水泉,heishuiquan
yrdb3519,黑水苑,heishui yuan
yrdb3520,黑河墩,heihedun
yrdb3521,黑洋山,heiyang shan
yrdb3522,黑潭,heitan
yrdb3523,黑石渡,heishi du
yrdb3525,黑陽山,heiyang shan
yrdb3526,黑龍關,heilong guan
yrdb3527,黑龍廟口,heilongmiao kou
yrdb3528,鼎湖延壽宮,dinghuyanshou gong
yrdb3529,齊東縣,qidong xian
yrdb3530,齊國,qi guo
yrdb3531,齊家寨,qijia zhai
yrdb3532,齊州,qi zhou
yrdb3534,齊河縣,qihe xian
yrdb3535,龍化鎮,longhua zhen
yrdb3536,龍安寨,longan zhai
yrdb3538,龍尾鎮,longwei zhen
yrdb3539,龍山鎮,longshan zhen
yrdb3541,龍州堡,longzhou bao
yrdb3542,龍支,longzhi
yrdb3543,龍桑城,longsang cheng
yrdb3544,龍橋站,longqiao zhan
yrdb3545,龍潭口,longtan kou
yrdb3546,龍窩,longwo
yrdb3547,龍耆城,longqi cheng
yrdb3548,龍舟峪關,longzhouyu guan
yrdb3549,龍虎山,longhu shan
yrdb3550,龍門,longmen
yrdb3552,龍門鎮,longmen zhen
yrdb3553,龍驤城,longxiang cheng
yrdb3555,動掌城,dongzhang cheng
yrdb3556,十里鋪,shili pu
yrdb3557,大峪口,dayu kou
yrdb3558,娘娘廟,niangniang miao
yrdb3561,廣武營,guangwu ying
yrdb3562,懷遠堡,huaiyuan bao
yrdb3563,柳林鎮,liulin zhen
yrdb3564,永樂鎮,yongle zhen
yrdb3565,永樂鎮,yongle zhen
yrdb3566,永樂鎮,yongle zhen
yrdb3567,白沙鎮,baisha zhen
yrdb3568,鹽場堡,yanchang bao
yrdb3569,邵亭,shao ting
yrdb3570,陽城,yang cheng
yrdb3571,鎮河堡,zhenhe bao
yrdb3572,四十里鋪,sishili pu
yrdb3573,四十里鋪,sishili pu
yrdb3574,威遠堡,weiyuan bao
yrdb3577,馬家河,majia he
yrdb3578,樂利堤,leli di
yrdb3579,樂壽埽,leshou sao
yrdb3580,樂安郡,le'an jun
yrdb3581,樂陵,laoling
yrdb3584,臨淮,linhuai
yrdb3585,臨黃,linhuang
yrdb3586,臨濟縣,linjixian
yrdb3587,臨清縣,linqing xian
yrdb3588,臨洮,lintao
yrdb3589,臨潼縣,lintong xian
yrdb3590,臨西,linxi
yrdb3591,臨邑縣,linyi xian
yrdb3593,三原,sanyuan
yrdb3594,上南河廳,shangnanhe ting
yrdb3596,丁家集,dingjia ji
yrdb3597,五河縣,wuhe xian
yrdb3598,五原郡,wuyuan jun
yrdb3600,東蓮花灣,donglianhua wan
yrdb3601,東柳溝,dongliu gou
yrdb3602,雲中,yunzhong
yrdb3603,東影塘,dongyingtang
yrdb3604,中河廳,zhonghe ting
yrdb3605,中牟縣,zhongmu xian
yrdb3606,中衛,zhongwei
yrdb3607,東嶽廟長堤,dongyuemiaochangdi
yrdb3608,丹州,dan zhou
yrdb3610,東郡,dong jun
yrdb3611,東萊,donglai
yrdb3612,東平,dongping
yrdb3613,東徐州,dongxu zhou
yrdb3614,東豫,dongyu
yrdb3615,豐州,feng zhou
yrdb3617,二鋪口,erpukou
yrdb3619,乾寧軍,qianning jun
yrdb3620,中都,zhongdu
yrdb3622,丹河,dan he
yrdb3623,二股河,ergu he
yrdb3624,九山,jiu shan
yrdb3625,三川河,sanchuan he
yrdb3626,烏加河,wujia he
yrdb3627,五股河,wugu he
yrdb3628,於家灣,yujia wan
yrdb3629,中條山,zhongtiao shan
yrdb3630,九堡,jiu bao
yrdb3631,九裏岡,jiuligang
yrdb3632,九裏山,jiuli shan
yrdb3633,臨河集,linhe ji
yrdb3634,七裏寺,qilisi
yrdb3635,三裏溝,sanli gou
yrdb3636,三門峽,sanmenxia
yrdb3637,三仙臺,sanxiantai
yrdb3638,三義鎮,sanyi zhen
yrdb3639,上南廳,shangnanting
yrdb3640,上張家莊,shangzhangjia zhuang
yrdb3641,萬家口,wanjia kou
yrdb3642,五辛港,wuxingang
yrdb3643,於家店,yujiadian
yrdb3644,於家岡,yujiagang
yrdb3645,山陽縣,shanyang xian
yrdb3646,中堡,zhongbao
yrdb3647,中灤鎮,zhongluan zhen
yrdb3649,東光,dongguang
yrdb3651,東明縣,dongming xian
yrdb3653,豐縣,feng xian
yrdb3654,九裏,jiuli
yrdb3655,中陽,zhongyang
yrdb3656,臨晉關,linjinguan
yrdb3657,麗邑,liyi
yrdb3658,雲陽,yunyang
yrdb3659,九原,jiuyuan
yrdb3661,中水鄉,zhongshui xiang
yrdb3662,東張,dongzhang
yrdb3664,下杜,xiadu
yrdb3665,上虒亭,shangsiting
yrdb3666,下虒聚,xiasiju
yrdb3667,豐,feng
yrdb3668,上程聚,shangchengju
yrdb3669,上林苑,shanglinyuan
yrdb3670,東邯,donghan
yrdb3671,五溪聚,wuxiju
yrdb3672,丁奚城,dingxicheng
yrdb3673,五柞亭,wuzhating
yrdb3674,中亭,zhongting
yrdb3675,五原,wuyuan
yrdb3676,九原,jiuyuan
yrdb3677,上艾,shangai
yrdb3678,九曲城,jiuqucheng
yrdb3679,丹谷,dangu
yrdb3680,乾壁,ganbi
yrdb3681,烏蘇城,wusucheng
yrdb3682,白道城,baidaocheng
yrdb3683,九原城,jiuyuancheng
yrdb3684,臨平亭,linpingting
yrdb3685,臨河,linhe
yrdb3686,五原,wuyuan
yrdb3687,二郡屬國城,erjunshuguocheng
yrdb3688,東陽驛,dongyangyi
yrdb3689,臨津城,linjincheng
yrdb3690,萬春,wanchun
yrdb3692,雲川,yunchuan
yrdb3693,東勝,dongsheng
yrdb3694,雲內,yunnei
yrdb3695,三山墩,sanshandun
yrdb3696,三岔城,sanchacheng
yrdb3697,五寨堡,wuzhaibao
yrdb3698,龍門關,longmen guan
yrdb3699,東烏嶺,dongwuling
yrdb3700,兩嶺關,liangling guan
yrdb3701,亂嶺關,luanling guan
yrdb3702,五裏寨,wuli zhai
yrdb3703,五營,wu ying
yrdb3704,三鄉鎮,sanxiang zhen
yrdb3705,二裏關,erliguan
yrdb3706,五裏坡,wulipo
yrdb3707,乾溝墩,gangoudun
yrdb3708,亂井兒,luanjinger
yrdb3710,函谷新關,hanguxin guan
yrdb3711,臨汾站,linfen zhan
yrdb3712,下陽津,xiayangjin
yrdb3713,上泉站,shangquan zhan
yrdb3714,三川寨,sanchuan zhai
yrdb3715,三川站,sanchuan zhan
yrdb3716,雲陽村,yunyang cun
yrdb3717,義井鋪,yijing pu
yrdb3718,烏龍寨,wulong zhai
yrdb3719,三道,sandao
yrdb3720,三皇峁,sanhuangmao
yrdb3721,義合鎮,yihe zhen
yrdb3722,二十裏鋪,ershili pu
yrdb3723,於谷驛,yugu yi
yrdb3724,臨真鎮,linzhen zhen
yrdb3725,二十裏鋪,ershili pu
yrdb3726,三十裏埠,sanshilibu
yrdb3727,下寺灣,xiasi wan
yrdb3728,樂生鎮,lesheng zhen
yrdb3729,五裏鎮,wuli zhen
yrdb3730,三河口,sanhe kou
yrdb3731,臨平鎮,linping zhen
yrdb3732,二裏關,erli guan
yrdb3733,上五莊,shangwu zhuang
yrdb3734,丹噶爾城,dangaer cheng
yrdb3735,上川口司,shangchuankousi
yrdb3736,中鋪,zhong pu
yrdb3737,中鋪,zhong pu
yrdb3738,三角城,sanjiao cheng
yrdb3739,五卡寺,wukasi
yrdb3740,一條山,yitiaoshan
yrdb3741,三眼井堡,sanyanjing bao
yrdb3742,三塘水驛,santangshuiyi
yrdb3743,三關,sanguan
yrdb3744,臨河堡,linhebao
yrdb3745,上關,shangguan
yrdb3746,七麻堡,qima bao
yrdb3747,三岔鎮,sancha zhen
yrdb3748,二十裏溝,ershili gou
yrdb3749,烏蘭哈達,wulanhada
yrdb3750,五門樓寨,wumenlou zhai
yrdb3751,叢林溝寨,conglingou zhai
yrdb3752,三屯堡,santun bao
yrdb3753,井坪城,jingping cheng
yrdb3754,東邵莊堡,dongshaozhuang bao
yrdb3755,上明鎮,shangming zhen
yrdb3756,東村鎮,dongcun zhen
yrdb3757,東莊水堡,dongzhuangshui bao
yrdb3758,東陽鎮,dongyang zhen
yrdb3759,三交鎮,sanjiaozhen
yrdb3760,三泉鎮,sanquanzhen
yrdb3761,上店鎮,shangdianzhen
yrdb3762,喬家灣鎮,qiaojiawanzhen
yrdb3763,萬安鎮,wananzhen
yrdb3764,東張鎮,dongzhangzhen
yrdb3765,東冶鎮,dongyezhen
yrdb3766,上湯頭村,shangtangtoucun
yrdb3767,中社,zhongshe
yrdb3768,樂平鄉,leping xiang
yrdb3769,雲簇鎮,yuncu zhen
yrdb3770,下迪鎮,xiadi zhen
yrdb3771,東鎮,dong zhen
yrdb3772,下陽堡,xiayang bao
yrdb3773,東冶鎮,dongye zhen
yrdb3774,喬村驛,qiaocunyi
yrdb3775,丁壁鎮,dingbi zhen
yrdb3776,中村寨,zhongcunzhai
yrdb3777,下良鎮,xialiang zhen
yrdb3778,東周鎮,dongzhou zhen
yrdb3779,中條梁,zhongtiaoliang
yrdb3780,烏蘭木頭,wulanmutou
yrdb3781,三道河,sandao he
yrdb3782,烏蘭阿貴廟,wulanaguimiao
yrdb3783,東素海,dongsuhai
yrdb3784,烏素圖谷,wusutugu
yrdb3785,買岱爾,maidaier
yrdb3786,烏達,wuda
yrdb3787,三十裏鋪,sanshili pu
yrdb3788,買家集,maijia ji
yrdb3789,三甲集,sanjia ji
yrdb3790,二十裏鋪,ershili pu
yrdb3791,三十裏鋪,sanshili pu
yrdb3792,二十裏鋪,ershili pu
yrdb3793,樂善鎮,leshan zhen
yrdb3794,亂柴鋪,luanchai pu
yrdb3795,五交鎮,wujiao zhen
yrdb3796,三不通,sanbutong
yrdb3797,九工堡,jiugong bao
yrdb3798,上良鎮,shangliang zhen
